<?xml version="1.0" encoding="utf-8"?>
<lom:lom xsi:schemaLocation="http://ocw.mit.edu/xmlns/LOM http://ocw.mit.edu/xsd/LOM/lomv1.0/lomv1.0.xsd http://ocw.mit.edu/xmlns/ocwLOM http://ocw.mit.edu/xsd/ocwLOM/ocwlomv1.0/ocwlomv1.0.xsd" xmlns="http://ocw.mit.edu/xmlns/LOM" xmlns:lom="http://ocw.mit.edu/xmlns/LOM" xmlns:ocwlom="http://ocw.mit.edu/xmlns/ocwLOM" xmlns:xsi="http://www.w3.org/2001/XMLSchema-instance">
  <!--************************************************************ This LOM
			record was produced by an automatic transformation to IEEE LOM, from
			OpenCourseWare's (OCW) initial version of Learning Object Metadata (LOM). (The
			initial version was based on IMS Global Consortium's LOM.)
			********************************************************--><!--***************************--><!--**** GENERAL ****--><!--***************************--><lom:general uniqueElementName="general"><lom:title uniqueElementName="title"><lom:string language="en">Operating System Organizaton</lom:string></lom:title><lom:description><lom:string language="en">This resource contains virtualizing, virtual processors, separating memories, memory management and operating system organizations.</lom:string></lom:description><lom:language>en</lom:language><lom:aggregationLevel uniqueElementName="aggregationLevel"><lom:source uniqueElementName="source">LOMv1.0</lom:source><lom:value uniqueElementName="value">2</lom:value></lom:aggregationLevel></lom:general><!--***************************--><!--**** LIFECYCLE ****--><!--***************************--><lom:lifeCycle uniqueElementName="lifeCycle"><lom:version uniqueElementName="version"><lom:string language="en">Fall 2006</lom:string></lom:version><lom:contribute><lom:role><lom:source uniqueElementName="source">OCW_LOMv1.0</lom:source><lom:value uniqueElementName="value">Author</lom:value></lom:role><lom:entity>Kaashoek, Frans</lom:entity><lom:date uniqueElementName="date"><lom:dateTime uniqueElementName="dateTime">2007-03-14</lom:dateTime></lom:date></lom:contribute></lom:lifeCycle><!--***************************--><!--**** TECHNICAL ****--><!--***************************--><lom:technical uniqueElementName="technical"><lom:location>/NR/rdonlyres/115A1B63-EC95-46AE-8D96-ABC533B9240B/0/l3.pdf</lom:location><lom:format>application/pdf</lom:format><lom:otherPlatformRequirements><lom:string language="en">Adobe® Reader® software is required to view this .pdf file.</lom:string></lom:otherPlatformRequirements><lom:size>39815</lom:size><lom:requirement><lom:orComposite><lom:type uniqueElementName="type"><lom:source uniqueElementName="source">LOMv1.0</lom:source><lom:value uniqueElementName="value">browser</lom:value></lom:type><lom:name uniqueElementName="name"><lom:source uniqueElementName="source">LOMv1.0</lom:source><lom:value uniqueElementName="value">ms-internet explorer</lom:value></lom:name><lom:minimumVersion uniqueElementName="minimumVersion">5.1</lom:minimumVersion></lom:orComposite><lom:orComposite><lom:type uniqueElementName="type"><lom:source uniqueElementName="source">LOMv1.0</lom:source><lom:value uniqueElementName="value">browser</lom:value></lom:type><lom:name uniqueElementName="name"><lom:source uniqueElementName="source">LOMv1.0</lom:source><lom:value uniqueElementName="value">netscape communicator</lom:value></lom:name><lom:minimumVersion uniqueElementName="minimumVersion">4.7</lom:minimumVersion></lom:orComposite></lom:requirement></lom:technical><!--***************************--><!--**** EDUCATIONAL ****--><!--***************************--><lom:educational><lom:learningResourceType><lom:source uniqueElementName="source">LOMv1.0</lom:source><lom:value uniqueElementName="value">lecture</lom:value></lom:learningResourceType><lom:context><lom:source uniqueElementName="source">OCW_LOMv1.0</lom:source><lom:value uniqueElementName="value">Graduate</lom:value></lom:context><lom:description><lom:string language="en">Class lectures.</lom:string></lom:description></lom:educational><!--***************************--><!--**** RIGHTS ****--><!--***************************--><lom:rights uniqueElementName="rights"><lom:copyrightAndOtherRestrictions uniqueElementName="copyrightAndOtherRestrictions"><lom:source uniqueElementName="source">LOMv1.0</lom:source><lom:value uniqueElementName="value">yes</lom:value></lom:copyrightAndOtherRestrictions><lom:cost><lom:source uniqueElementName="source">LOMv1.0</lom:source><lom:value uniqueElementName="value">no</lom:value></lom:cost><lom:description><lom:string language="en">This site (c) Massachusetts Institute of Technology 2003. Content within individual courses is (c) by the individual authors unless otherwise noted. The Massachusetts Institute of Technology is providing this Work (as defined below) under the terms of this Creative Commons public license ("CCPL" or "license"). The Work is protected by copyright and/or other applicable law. Any use of the work other than as authorized under this license is prohibited. By exercising any of the rights to the Work provided here, You (as defined below) accept and agree to be bound by the terms of this license. The Licensor, the Massachusetts Institute of Technology, grants You the rights contained here in consideration of Your acceptance of such terms and conditions.</lom:string></lom:description></lom:rights><!--***************************--><!--**** RELATION ****--><!--***************************--><lom:relation><lom:kind uniqueElementName="kind"><lom:source uniqueElementName="source">LOMv1.0</lom:source><lom:value uniqueElementName="value">ispartof</lom:value></lom:kind><lom:resource uniqueElementName="resource"><lom:identifier><lom:catalog uniqueElementName="catalog">OCW Master Course Number</lom:catalog><lom:entry uniqueElementName="entry">6.828 Operating System Engineering Fall 2006</lom:entry></lom:identifier><lom:description><lom:string language="en">6.828 teaches the fundamentals of engineering operating systems. The following topics are studied in detail: virtual memory, kernel and user mode, system calls, threads, context switches, interrupts, interprocess communication, coordination of concurrent activities, and the interface between software and hardware. Most importantly, the interactions between these concepts are examined. The course is divided into two blocks; the first block introduces one operating system, UNIX® v6, in detail. The second block of lectures covers important operating systems concepts invented after UNIX® v6, which was introduced in 1976.</lom:string></lom:description></lom:resource></lom:relation><!--***************************--><!--**** CLASSIFICATION ****--><!--***************************--><lom:classification><lom:taxonPath><lom:source uniqueElementName="source"><lom:string language="en">CIP</lom:string></lom:source><lom:taxon><lom:id uniqueElementName="id">110201</lom:id><lom:entry uniqueElementName="entry"><lom:string language="en">Computer Programming/Programmer, General</lom:string></lom:entry></lom:taxon></lom:taxonPath><lom:taxonPath><lom:source uniqueElementName="source"><lom:string language="en">CIP</lom:string></lom:source><lom:taxon><lom:id uniqueElementName="id">110301</lom:id><lom:entry uniqueElementName="entry"><lom:string language="en">Data Processing and Data Processing Technology/Technician</lom:string></lom:entry></lom:taxon></lom:taxonPath><lom:keyword><lom:string language="en">operating system</lom:string></lom:keyword><lom:keyword><lom:string language="en">OS</lom:string></lom:keyword><lom:keyword><lom:string language="en">UNIX</lom:string></lom:keyword><lom:keyword><lom:string language="en">virtual memory</lom:string></lom:keyword><lom:keyword><lom:string language="en">threads</lom:string></lom:keyword><lom:keyword><lom:string language="en">context switches</lom:string></lom:keyword><lom:keyword><lom:string language="en">kernels</lom:string></lom:keyword><lom:keyword><lom:string language="en">interrupts</lom:string></lom:keyword><lom:keyword><lom:string language="en">system calls</lom:string></lom:keyword><lom:keyword><lom:string language="en">interprocess communication</lom:string></lom:keyword><lom:keyword><lom:string language="en">C</lom:string></lom:keyword><lom:keyword><lom:string language="en">x86 assembly</lom:string></lom:keyword><lom:keyword><lom:string language="en">programming</lom:string></lom:keyword></lom:classification></lom:lom>