<?xml version="1.0" encoding="utf-8"?>
<lom:lom xsi:schemaLocation="http://ocw.mit.edu/xmlns/LOM http://ocw.mit.edu/xsd/LOM/lomv1.0/lomv1.0.xsd http://ocw.mit.edu/xmlns/ocwLOM http://ocw.mit.edu/xsd/ocwLOM/ocwlomv1.0/ocwlomv1.0.xsd" xmlns="http://ocw.mit.edu/xmlns/LOM" xmlns:lom="http://ocw.mit.edu/xmlns/LOM" xmlns:ocwlom="http://ocw.mit.edu/xmlns/ocwLOM" xmlns:xsi="http://www.w3.org/2001/XMLSchema-instance">
  <!--************************************************************ This LOM
			record was produced by an automatic transformation to IEEE LOM, from
			OpenCourseWare's (OCW) initial version of Learning Object Metadata (LOM). (The
			initial version was based on IMS Global Consortium's LOM.)
			********************************************************--><!--***************************--><!--**** GENERAL ****--><!--***************************--><lom:general uniqueElementName="general"><lom:title uniqueElementName="title"><lom:string language="en">lab5-handout.gz</lom:string></lom:title><lom:language>en</lom:language><lom:aggregationLevel uniqueElementName="aggregationLevel"><lom:source uniqueElementName="source">LOMv1.0</lom:source><lom:value uniqueElementName="value">2</lom:value></lom:aggregationLevel></lom:general><!--***************************--><!--**** LIFECYCLE ****--><!--***************************--><lom:lifeCycle uniqueElementName="lifeCycle"><lom:version uniqueElementName="version"><lom:string language="en">Fall 2006</lom:string></lom:version><lom:contribute><lom:role><lom:source uniqueElementName="source">OCW_LOMv1.0</lom:source><lom:value uniqueElementName="value">Author</lom:value></lom:role><lom:entity>Kaashoek, Frans</lom:entity><lom:date uniqueElementName="date"><lom:dateTime uniqueElementName="dateTime">2007-03-14</lom:dateTime></lom:date></lom:contribute></lom:lifeCycle><!--***************************--><!--**** TECHNICAL ****--><!--***************************--><lom:technical uniqueElementName="technical"><lom:location>/NR/rdonlyres/7466EEC1-0A49-4755-9D0B-9168C3C1CEFF/0/lab5handout.gz</lom:location><lom:format>application/x-gzip</lom:format><lom:size>109107</lom:size><lom:requirement><lom:orComposite><lom:type uniqueElementName="type"><lom:source uniqueElementName="source">LOMv1.0</lom:source><lom:value uniqueElementName="value">browser</lom:value></lom:type><lom:name uniqueElementName="name"><lom:source uniqueElementName="source">LOMv1.0</lom:source><lom:value uniqueElementName="value">ms-internet explorer</lom:value></lom:name><lom:minimumVersion uniqueElementName="minimumVersion">5.1</lom:minimumVersion></lom:orComposite><lom:orComposite><lom:type uniqueElementName="type"><lom:source uniqueElementName="source">LOMv1.0</lom:source><lom:value uniqueElementName="value">browser</lom:value></lom:type><lom:name uniqueElementName="name"><lom:source uniqueElementName="source">LOMv1.0</lom:source><lom:value uniqueElementName="value">netscape communicator</lom:value></lom:name><lom:minimumVersion uniqueElementName="minimumVersion">4.7</lom:minimumVersion></lom:orComposite></lom:requirement></lom:technical><!--***************************--><!--**** EDUCATIONAL ****--><!--***************************--><lom:educational><lom:context><lom:source uniqueElementName="source">OCW_LOMv1.0</lom:source><lom:value uniqueElementName="value">Graduate</lom:value></lom:context><lom:description><lom:string language="en"></lom:string></lom:description></lom:educational><!--***************************--><!--**** RIGHTS ****--><!--***************************--><lom:rights uniqueElementName="rights"><lom:copyrightAndOtherRestrictions uniqueElementName="copyrightAndOtherRestrictions"><lom:source uniqueElementName="source">LOMv1.0</lom:source><lom:value uniqueElementName="value">yes</lom:value></lom:copyrightAndOtherRestrictions><lom:cost><lom:source uniqueElementName="source">LOMv1.0</lom:source><lom:value uniqueElementName="value">no</lom:value></lom:cost><lom:description><lom:string language="en">This site (c) Massachusetts Institute of Technology 2003. Content within individual courses is (c) by the individual authors unless otherwise noted. The Massachusetts Institute of Technology is providing this Work (as defined below) under the terms of this Creative Commons public license ("CCPL" or "license"). The Work is protected by copyright and/or other applicable law. Any use of the work other than as authorized under this license is prohibited. By exercising any of the rights to the Work provided here, You (as defined below) accept and agree to be bound by the terms of this license. The Licensor, the Massachusetts Institute of Technology, grants You the rights contained here in consideration of Your acceptance of such terms and conditions.</lom:string></lom:description></lom:rights><!--***************************--><!--**** CLASSIFICATION ****--><!--***************************--><lom:classification><lom:taxonPath><lom:source uniqueElementName="source"><lom:string language="en">CIP</lom:string></lom:source><lom:taxon><lom:id uniqueElementName="id">110201</lom:id><lom:entry uniqueElementName="entry"><lom:string language="en">Computer Programming/Programmer, General</lom:string></lom:entry></lom:taxon></lom:taxonPath><lom:taxonPath><lom:source uniqueElementName="source"><lom:string language="en">CIP</lom:string></lom:source><lom:taxon><lom:id uniqueElementName="id">110301</lom:id><lom:entry uniqueElementName="entry"><lom:string language="en">Data Processing and Data Processing Technology/Technician</lom:string></lom:entry></lom:taxon></lom:taxonPath><lom:keyword><lom:string language="en">operating system</lom:string></lom:keyword><lom:keyword><lom:string language="en">OS</lom:string></lom:keyword><lom:keyword><lom:string language="en">UNIX</lom:string></lom:keyword><lom:keyword><lom:string language="en">virtual memory</lom:string></lom:keyword><lom:keyword><lom:string language="en">threads</lom:string></lom:keyword><lom:keyword><lom:string language="en">context switches</lom:string></lom:keyword><lom:keyword><lom:string language="en">kernels</lom:string></lom:keyword><lom:keyword><lom:string language="en">interrupts</lom:string></lom:keyword><lom:keyword><lom:string language="en">system calls</lom:string></lom:keyword><lom:keyword><lom:string language="en">interprocess communication</lom:string></lom:keyword><lom:keyword><lom:string language="en">C</lom:string></lom:keyword><lom:keyword><lom:string language="en">x86 assembly</lom:string></lom:keyword><lom:keyword><lom:string language="en">programming</lom:string></lom:keyword></lom:classification></lom:lom>