{
  "title":"6-828f12-th.jpg",
  "description": "Mapping of virtual address space to physical address space. Image courtesy of Wikimedia Commons. All rights reserved. This content is excluded from our Creative Commons license. For more information, see http://ocw.mit.edu/fairuse.",
  "file": "/courses/6-828-operating-system-engineering-fall-2012/a7dd66c544477cf6dd1fafecc174e51f_6-828f12-th.jpg",
  "learning_resource_types": [],
  "resource_type": "Image",
  "file_type": "image/jpeg",
  "image_metadata": {"caption":"Mapping of virtual address space to physical address space. (Image courtesy of Wikimedia Commons. All rights reserved. This content is excluded from our Creative Commons license. For more information, see [http://ocw.mit.edu/fairuse](/fairuse).)","credit":"Image courtesy of Wikimedia Commons. All rights reserved. This content is excluded from our Creative Commons license. For more information, see http://ocw.mit.edu/fairuse.","image-alt":"Diagram of a virtual address space, with different points mapping onto a physical address space."}}
