<?xml version="1.0" encoding="UTF-8"?>
<manifest identifier="urn_edu.mit.ocw_6-828Fall2003" version="2006-09-13T03:54:25" cwsp:packageType="Course" xml:base="6-828Fall2003/" xmlns="http://www.imsglobal.org/xsd/imscp_v1p1" xmlns:xsi="http://www.w3.org/2001/XMLSchema-instance" xmlns:adlcp="http://www.adlnet.org/xsd/adlcp_rootv1p2" xmlns:cwsp="http://www.dspace.org/xmlns/cwspace_imscp" xmlns:ocw="http://ocw.mit.edu/xmlns/ocw_imscp" xmlns:lom="http://ocw.mit.edu/xmlns/LOM" xsi:schemaLocation="http://www.imsglobal.org/xsd/imscp_v1p1 http://www.imsglobal.org/xsd/imscp_v1p1.xsd 	http://www.adlnet.org/xsd/adlcp_rootv1p2 http://www.adlnet.org/xsd/adlcp_rootv1p2.xsd http://www.dspace.org/xmlns/cwspace_imscp http://www.dspace.org/xsd/cwspace_imscp/version10/cwspace_imscpv10.xsd http://ocw.mit.edu/xmlns/ocw_imscp http://ocw.mit.edu/xsd/ocw_imscp/version10/ocw_imscpv10.xsd http://ocw.mit.edu/xmlns/LOM http://ocw.mit.edu/xsd/LOM/lomv1.0/lomv1.0.xsd">
  <metadata>
    <schema>IMS Content</schema>
    <schemaversion>1.1</schemaversion>
    <cwsp:packageMetadata>
      <cwsp:sourceSystem>OCW</cwsp:sourceSystem>
      <cwsp:profile>CWSpace</cwsp:profile>
      <cwsp:profileVersion>0.1</cwsp:profileVersion>
    </cwsp:packageMetadata>
    <lom:general uniqueElementName="general">
      <lom:title uniqueElementName="title">
        <lom:string language="en">Operating System Engineering</lom:string>
      </lom:title>
      <lom:identifier>
        <lom:catalog uniqueElementName="catalog">OCW Master Course Number</lom:catalog>
        <lom:entry uniqueElementName="entry">6.828</lom:entry>
      </lom:identifier>
    </lom:general>
    <lom:lifecycle uniqueElementName="lifeCycle">
      <lom:version uniqueElementName="version">
        <lom:string language="en">Fall 2003</lom:string>
      </lom:version>
      <lom:contribute>
        <lom:role>
          <lom:source uniqueElementName="source">OCW_LOMv1.0</lom:source>
          <lom:value uniqueElementName="value">Author</lom:value>
        </lom:role>
        <lom:entity>Kaashoek, Frans, 1965- </lom:entity>
        <lom:date uniqueElementName="date">
          <lom:dateTime uniqueElementName="dateTime">2006-04-25</lom:dateTime>
        </lom:date>
      </lom:contribute>
    </lom:lifecycle>
    <adlcp:location>OcwWeb/Electrical-Engineering-and-Computer-Science/6-828Fall2003/CourseHome.xml</adlcp:location>
  </metadata>
  <organizations default="ocw_6-828Fall2003">
    <organization identifier="ocw_6-828Fall2003">
      <title>Operating System Engineering</title>
      <item identifier="i_6-828Fall2003.CourseHome" identifierref="r_OcwWeb.Electrical-Engineering-and-Computer-Science.6-828Fall2003.CourseHome.index.htm" ocw:sectionTemplateType="CourseHomePage" ocw:sectionTemplateVersion="2006-04-25">
        <title>Operating System Engineering</title>
        <item identifier="i_6-828Fall2003.CourseHome.chp_AthenaScreenshot.jpg" identifierref="r_NR.rdonlyres.Global.9.9AA5590F-D039-4421-98EF-EBC44A358277.0.chp_AthenaScreenshot.jpg">
          <title>Sun Solaris??? 9 operating system on an MIT Athena workstation</title>
        </item>
      </item>
      <item identifier="i_6-828Fall2003.Syllabus" identifierref="r_OcwWeb.Electrical-Engineering-and-Computer-Science.6-828Fall2003.Syllabus.index.htm" ocw:sectionTemplateType="GenericOther" ocw:sectionTemplateVersion="2006-04-25">
        <title>Syllabus</title>
      </item>
      <item identifier="i_6-828Fall2003.Calendar" identifierref="r_OcwWeb.Electrical-Engineering-and-Computer-Science.6-828Fall2003.Calendar.index.htm" ocw:sectionTemplateType="GenericOther" ocw:sectionTemplateVersion="2006-04-25">
        <title>Calendar</title>
      </item>
      <item identifier="i_6-828Fall2003.Readings" identifierref="r_OcwWeb.Electrical-Engineering-and-Computer-Science.6-828Fall2003.Readings.index.htm" ocw:sectionTemplateType="GenericOther" ocw:sectionTemplateVersion="2006-04-25">
        <title>Readings</title>
      </item>
      <item identifier="i_6-828Fall2003.LectureNotes" identifierref="r_OcwWeb.Electrical-Engineering-and-Computer-Science.6-828Fall2003.LectureNotes.index.htm" ocw:sectionTemplateType="GenericOther" ocw:sectionTemplateVersion="2006-04-25">
        <title>Lecture Notes</title>
        <item identifier="i_6-828Fall2003.LectureNotes.operating_system_overview.htm" identifierref="r_OcwWeb.Electrical-Engineering-and-Computer-Science.6-828Fall2003.LectureNotes.detail.operating_system_overview.htm" ocw:sectionTemplateType="GenericOther" ocw:sectionTemplateVersion="2004-03-24">
          <title>Sub-Section</title>
        </item>
        <item identifier="i_6-828Fall2003.LectureNotes.pc_hardware_and_x86_-programming.htm" identifierref="r_OcwWeb.Electrical-Engineering-and-Computer-Science.6-828Fall2003.LectureNotes.detail.pc_hardware_and_x86_-programming.htm" ocw:sectionTemplateType="GenericOther" ocw:sectionTemplateVersion="2004-03-24">
          <title>Sub-Section</title>
        </item>
        <item identifier="i_6-828Fall2003.LectureNotes.address_spaces.htm" identifierref="r_OcwWeb.Electrical-Engineering-and-Computer-Science.6-828Fall2003.LectureNotes.detail.address_spaces.htm" ocw:sectionTemplateType="GenericOther" ocw:sectionTemplateVersion="2004-03-24">
          <title>Sub-Section</title>
          <item identifier="i_6-828Fall2003.LectureNotes.address_spaces.pdp_translation.jpg" identifierref="r_NR.rdonlyres.Electrical-Engineering-and-Computer-Science.6-828Fall2003.3611BDEC-73C6-4A81-B11E-716FF8869867.0.pdp_translation.jpg">
            <title>Translation procedure for PDR and PAR</title>
          </item>
          <item identifier="i_6-828Fall2003.LectureNotes.address_spaces.v7_kva.jpg" identifierref="r_NR.rdonlyres.Electrical-Engineering-and-Computer-Science.6-828Fall2003.E7E266C5-B22F-4FFB-B667-97F5D196A479.0.v7_kva.jpg">
            <title>Kernel address space mapping</title>
          </item>
        </item>
        <item identifier="i_6-828Fall2003.LectureNotes.managing_address_spaces.htm" identifierref="r_OcwWeb.Electrical-Engineering-and-Computer-Science.6-828Fall2003.LectureNotes.detail.managing_address_spaces.htm" ocw:sectionTemplateType="GenericOther" ocw:sectionTemplateVersion="2004-03-24">
          <title>Sub-Section</title>
          <item identifier="i_6-828Fall2003.LectureNotes.managing_address_spaces.v7_kuva.jpg" identifierref="r_NR.rdonlyres.Electrical-Engineering-and-Computer-Science.6-828Fall2003.32B5A943-6226-4623-A192-2DF6C289D50D.0.v7_kuva.jpg">
            <title>Address Space Mapping</title>
          </item>
        </item>
        <item identifier="i_6-828Fall2003.LectureNotes.lec5.htm" identifierref="r_OcwWeb.Electrical-Engineering-and-Computer-Science.6-828Fall2003.LectureNotes.detail.lec5.htm" ocw:sectionTemplateType="RepeatingBodyCopy" ocw:sectionTemplateVersion="2004-03-24">
          <title>Sub-Section</title>
          <item identifier="i_6-828Fall2003.LectureNotes.lec5.x86_translation.jpg" identifierref="r_NR.rdonlyres.Electrical-Engineering-and-Computer-Science.6-828Fall2003.907F6892-EFE1-4962-9756-6142131698E1.0.x86_translation.jpg">
            <title>x86 translation diagram</title>
          </item>
        </item>
        <item identifier="i_6-828Fall2003.LectureNotes.lec6.htm" identifierref="r_OcwWeb.Electrical-Engineering-and-Computer-Science.6-828Fall2003.LectureNotes.detail.lec6.htm" ocw:sectionTemplateType="GenericOther" ocw:sectionTemplateVersion="2004-03-24">
          <title>Sub-Section</title>
        </item>
        <item identifier="i_6-828Fall2003.LectureNotes.lec7.htm" identifierref="r_OcwWeb.Electrical-Engineering-and-Computer-Science.6-828Fall2003.LectureNotes.detail.lec7.htm" ocw:sectionTemplateType="RepeatingBodyCopy" ocw:sectionTemplateVersion="2004-03-24">
          <title>Sub-Section</title>
        </item>
        <item identifier="i_6-828Fall2003.LectureNotes.lec8.htm" identifierref="r_OcwWeb.Electrical-Engineering-and-Computer-Science.6-828Fall2003.LectureNotes.detail.lec8.htm" ocw:sectionTemplateType="RepeatingBodyCopy" ocw:sectionTemplateVersion="2004-03-24">
          <title>Sub-Section</title>
        </item>
        <item identifier="i_6-828Fall2003.LectureNotes.lec9.htm" identifierref="r_OcwWeb.Electrical-Engineering-and-Computer-Science.6-828Fall2003.LectureNotes.detail.lec9.htm" ocw:sectionTemplateType="RepeatingBodyCopy" ocw:sectionTemplateVersion="2004-03-24">
          <title>Sub-Section</title>
        </item>
        <item identifier="i_6-828Fall2003.LectureNotes.lec11.htm" identifierref="r_OcwWeb.Electrical-Engineering-and-Computer-Science.6-828Fall2003.LectureNotes.detail.lec11.htm" ocw:sectionTemplateType="RepeatingBodyCopy" ocw:sectionTemplateVersion="2004-03-24">
          <title>Sub-Section</title>
        </item>
        <item identifier="i_6-828Fall2003.LectureNotes.lec12.htm" identifierref="r_OcwWeb.Electrical-Engineering-and-Computer-Science.6-828Fall2003.LectureNotes.detail.lec12.htm" ocw:sectionTemplateType="RepeatingBodyCopy" ocw:sectionTemplateVersion="2004-03-24">
          <title>Sub-Section</title>
        </item>
        <item identifier="i_6-828Fall2003.LectureNotes.lec13.htm" identifierref="r_OcwWeb.Electrical-Engineering-and-Computer-Science.6-828Fall2003.LectureNotes.detail.lec13.htm" ocw:sectionTemplateType="RepeatingBodyCopy" ocw:sectionTemplateVersion="2004-03-24">
          <title>Sub-Section</title>
        </item>
        <item identifier="i_6-828Fall2003.LectureNotes.lec14.htm" identifierref="r_OcwWeb.Electrical-Engineering-and-Computer-Science.6-828Fall2003.LectureNotes.detail.lec14.htm" ocw:sectionTemplateType="RepeatingBodyCopy" ocw:sectionTemplateVersion="2004-03-24">
          <title>Sub-Section</title>
        </item>
        <item identifier="i_6-828Fall2003.LectureNotes.lec16.htm" identifierref="r_OcwWeb.Electrical-Engineering-and-Computer-Science.6-828Fall2003.LectureNotes.detail.lec16.htm" ocw:sectionTemplateType="RepeatingBodyCopy" ocw:sectionTemplateVersion="2004-03-24">
          <title>Sub-Section</title>
        </item>
        <item identifier="i_6-828Fall2003.LectureNotes.lec17.htm" identifierref="r_OcwWeb.Electrical-Engineering-and-Computer-Science.6-828Fall2003.LectureNotes.detail.lec17.htm" ocw:sectionTemplateType="RepeatingBodyCopy" ocw:sectionTemplateVersion="2004-03-24">
          <title>Sub-Section</title>
        </item>
        <item identifier="i_6-828Fall2003.LectureNotes.scheduling.htm" identifierref="r_OcwWeb.Electrical-Engineering-and-Computer-Science.6-828Fall2003.LectureNotes.detail.scheduling.htm" ocw:sectionTemplateType="GenericOther" ocw:sectionTemplateVersion="2004-03-24">
          <title>Sub-Section</title>
        </item>
        <item identifier="i_6-828Fall2003.LectureNotes.virtual_machines-.htm" identifierref="r_OcwWeb.Electrical-Engineering-and-Computer-Science.6-828Fall2003.LectureNotes.detail.virtual_machines-.htm" ocw:sectionTemplateType="GenericOther" ocw:sectionTemplateVersion="2004-03-24">
          <title>Sub-Section</title>
        </item>
        <item identifier="i_6-828Fall2003.LectureNotes.operating_system_bugs.htm" identifierref="r_OcwWeb.Electrical-Engineering-and-Computer-Science.6-828Fall2003.LectureNotes.detail.operating_system_bugs.htm" ocw:sectionTemplateType="GenericOther" ocw:sectionTemplateVersion="2004-03-24">
          <title>Sub-Section</title>
        </item>
      </item>
      <item identifier="i_6-828Fall2003.Labs" identifierref="r_OcwWeb.Electrical-Engineering-and-Computer-Science.6-828Fall2003.Labs.index.htm" ocw:sectionTemplateType="GenericOther" ocw:sectionTemplateVersion="2006-04-25">
        <title>Labs</title>
        <item identifier="i_6-828Fall2003.Labs.lab1.pdf" identifierref="r_NR.rdonlyres.Electrical-Engineering-and-Computer-Science.6-828Fall2003.307A169C-F05C-41B2-B686-FAB60C92529E.0.lab1.pdf">
          <title>PC Bootstrap and Calling Conventions</title>
        </item>
        <item identifier="i_6-828Fall2003.Labs.lab1.zip" identifierref="r_NR.rdonlyres.Electrical-Engineering-and-Computer-Science.6-828Fall2003.2A03D1C1-09E4-4703-92FE-CF94BB04C3D0.0.lab1.zip">
          <title>Supporting files archive for lab 1</title>
        </item>
        <item identifier="i_6-828Fall2003.Labs.lab2.pdf" identifierref="r_NR.rdonlyres.Electrical-Engineering-and-Computer-Science.6-828Fall2003.A30FCA67-C181-4CE7-8211-4323743C8745.0.lab2.pdf">
          <title>Lab 2: Memory Management</title>
        </item>
        <item identifier="i_6-828Fall2003.Labs.lab2.zip" identifierref="r_NR.rdonlyres.Electrical-Engineering-and-Computer-Science.6-828Fall2003.76CA82CA-D195-490C-BD06-E89CC04EE308.0.lab2.zip">
          <title>Supporting files archive for lab 2</title>
        </item>
        <item identifier="i_6-828Fall2003.Labs.lab3.pdf" identifierref="r_NR.rdonlyres.Electrical-Engineering-and-Computer-Science.6-828Fall2003.47DE1D8E-942E-4A58-9FE9-B40C7B076824.0.lab3.pdf">
          <title>Lab 3: Preemptive Scheduling</title>
        </item>
        <item identifier="i_6-828Fall2003.Labs.lab3.zip" identifierref="r_NR.rdonlyres.Electrical-Engineering-and-Computer-Science.6-828Fall2003.3FF60DB1-6FEB-4D64-9A95-65D1394B50C1.0.lab3.zip">
          <title>Supporting files archive for lab 3</title>
        </item>
        <item identifier="i_6-828Fall2003.Labs.lab4.pdf" identifierref="r_NR.rdonlyres.Electrical-Engineering-and-Computer-Science.6-828Fall2003.93388E49-10B4-49D7-9B80-4D05F8A2BCB2.0.lab4.pdf">
          <title>Lab 4: System calls, IPC page faults, and fork</title>
        </item>
        <item identifier="i_6-828Fall2003.Labs.lab4.zip" identifierref="r_NR.rdonlyres.Electrical-Engineering-and-Computer-Science.6-828Fall2003.7A8B794E-BD6D-48E6-85EA-BF65951EEA00.0.lab4.zip">
          <title>Supporting files archive for lab 4</title>
        </item>
        <item identifier="i_6-828Fall2003.Labs.lab4gradesh.txt" identifierref="r_NR.rdonlyres.Electrical-Engineering-and-Computer-Science.6-828Fall2003.2F9A01B4-8D2F-4C52-928D-F98ECD4CBC78.0.lab4gradesh.txt">
          <title>Supporting file for Lab 4</title>
        </item>
        <item identifier="i_6-828Fall2003.Labs.printf.txt" identifierref="r_NR.rdonlyres.Electrical-Engineering-and-Computer-Science.6-828Fall2003.2B23B000-2E35-4C1E-921E-6759BD53E012.0.printf.txt">
          <title>Stripped-down printf</title>
        </item>
        <item identifier="i_6-828Fall2003.Labs.lab5.pdf" identifierref="r_NR.rdonlyres.Electrical-Engineering-and-Computer-Science.6-828Fall2003.90982A01-6965-41EC-A052-83233CACDD97.0.lab5.pdf">
          <title>Lab 5: File System and Spawn </title>
        </item>
        <item identifier="i_6-828Fall2003.Labs.lab5.zip" identifierref="r_NR.rdonlyres.Electrical-Engineering-and-Computer-Science.6-828Fall2003.34EC2ACE-D8A2-4F13-9FA6-4114467AF0B7.0.lab5.zip">
          <title>Supporting files archive for lab 5</title>
        </item>
        <item identifier="i_6-828Fall2003.Labs.lab6.pdf" identifierref="r_NR.rdonlyres.Electrical-Engineering-and-Computer-Science.6-828Fall2003.9021C334-BF74-4186-B76B-CDFDB7B17FCC.0.lab6.pdf">
          <title>Lab 6: The shell</title>
        </item>
        <item identifier="i_6-828Fall2003.Labs.lab6.zip" identifierref="r_NR.rdonlyres.Electrical-Engineering-and-Computer-Science.6-828Fall2003.3AED1624-952A-4E51-93CE-C7430C82C35A.0.lab6.zip">
          <title>Supporting files archive for lab 6</title>
        </item>
        <item identifier="i_6-828Fall2003.Labs.lab6b.zip" identifierref="r_NR.rdonlyres.Electrical-Engineering-and-Computer-Science.6-828Fall2003.577F4B5F-2EF7-41BE-9CC9-28126D6E3F4D.0.lab6b.zip">
          <title>Supporting files archive for lab 6</title>
        </item>
      </item>
      <item identifier="i_6-828Fall2003.Assignments" identifierref="r_OcwWeb.Electrical-Engineering-and-Computer-Science.6-828Fall2003.Assignments.index.htm" ocw:sectionTemplateType="GenericOther" ocw:sectionTemplateVersion="2006-04-25">
        <title>Assignments</title>
        <item identifier="i_6-828Fall2003.Assignments.hw1.pdf" identifierref="r_NR.rdonlyres.Electrical-Engineering-and-Computer-Science.6-828Fall2003.0DADF167-E9A6-4C59-BA4A-5F12425C1D61.0.hw1.pdf">
          <title>Lecture 1 homework</title>
        </item>
        <item identifier="i_6-828Fall2003.Assignments.hw2.pdf" identifierref="r_NR.rdonlyres.Electrical-Engineering-and-Computer-Science.6-828Fall2003.19A22A44-8A0B-4E5C-9707-18AE221ABCEB.0.hw2.pdf">
          <title>Lecture 2 home work</title>
        </item>
        <item identifier="i_6-828Fall2003.Assignments.hw3.pdf" identifierref="r_NR.rdonlyres.Electrical-Engineering-and-Computer-Science.6-828Fall2003.7FABC1DD-D06A-49A0-98CF-0A90438A3FCF.0.hw3.pdf">
          <title>Lecture 3 home work</title>
        </item>
        <item identifier="i_6-828Fall2003.Assignments.hw4.pdf" identifierref="r_NR.rdonlyres.Electrical-Engineering-and-Computer-Science.6-828Fall2003.FC0C96BD-97C6-4BD5-B182-F0952FD04AD7.0.hw4.pdf">
          <title>Lecture 4 home work</title>
        </item>
        <item identifier="i_6-828Fall2003.Assignments.hw5.pdf" identifierref="r_NR.rdonlyres.Electrical-Engineering-and-Computer-Science.6-828Fall2003.CAA58E10-465A-4993-A3C1-63D940C49C11.0.hw5.pdf">
          <title>Lecture 5 home work</title>
        </item>
        <item identifier="i_6-828Fall2003.Assignments.hw6.pdf" identifierref="r_NR.rdonlyres.Electrical-Engineering-and-Computer-Science.6-828Fall2003.7897D7D3-089A-4DC4-9135-B096234938CA.0.hw6.pdf">
          <title>Lecture 6 home work</title>
        </item>
        <item identifier="i_6-828Fall2003.Assignments.hw7.pdf" identifierref="r_NR.rdonlyres.Electrical-Engineering-and-Computer-Science.6-828Fall2003.9701CBFD-E4E8-45BF-845C-0F47DCAD3FDA.0.hw7.pdf">
          <title>Lecture 7 home work</title>
        </item>
        <item identifier="i_6-828Fall2003.Assignments.hw8.pdf" identifierref="r_NR.rdonlyres.Electrical-Engineering-and-Computer-Science.6-828Fall2003.2401536F-E3F6-49D1-8F95-A4BF28203CD8.0.hw8.pdf">
          <title>Lecture 8 home work</title>
        </item>
        <item identifier="i_6-828Fall2003.Assignments.hw9.pdf" identifierref="r_NR.rdonlyres.Electrical-Engineering-and-Computer-Science.6-828Fall2003.9AA30DFF-F18A-4147-AC89-AF27EBDE9424.0.hw9.pdf">
          <title>Lecture 9 home work</title>
        </item>
        <item identifier="i_6-828Fall2003.Assignments.hw10.pdf" identifierref="r_NR.rdonlyres.Electrical-Engineering-and-Computer-Science.6-828Fall2003.6797FA1B-3D6A-4D1F-8BC3-7C56B465F953.0.hw10.pdf">
          <title>Lecture 10 home work</title>
        </item>
        <item identifier="i_6-828Fall2003.Assignments.hw11.pdf" identifierref="r_NR.rdonlyres.Electrical-Engineering-and-Computer-Science.6-828Fall2003.9CAD4908-517C-41EE-945F-989EE1CD23A1.0.hw11.pdf">
          <title>Lecture 11 home work</title>
        </item>
        <item identifier="i_6-828Fall2003.Assignments.hw12.pdf" identifierref="r_NR.rdonlyres.Electrical-Engineering-and-Computer-Science.6-828Fall2003.C25E30E3-C527-4E18-B75A-68CBFA391F98.0.hw12.pdf">
          <title>Lecture 12 home work</title>
        </item>
        <item identifier="i_6-828Fall2003.Assignments.hw13.pdf" identifierref="r_NR.rdonlyres.Electrical-Engineering-and-Computer-Science.6-828Fall2003.4967A89A-C13C-467C-B952-017A3DD2C4AF.0.hw13.pdf">
          <title>Lecture 13 home work</title>
        </item>
        <item identifier="i_6-828Fall2003.Assignments.hw14.pdf" identifierref="r_NR.rdonlyres.Electrical-Engineering-and-Computer-Science.6-828Fall2003.29712BA7-4947-4527-B20E-4ECBB1097933.0.hw14.pdf">
          <title>Lecture 14 home work</title>
        </item>
        <item identifier="i_6-828Fall2003.Assignments.hw15.pdf" identifierref="r_NR.rdonlyres.Electrical-Engineering-and-Computer-Science.6-828Fall2003.9BE3661A-F9CF-4EAF-A9D1-C3983EF263CE.0.hw15.pdf">
          <title>Lecture 15 home work</title>
        </item>
        <item identifier="i_6-828Fall2003.Assignments.hw16.pdf" identifierref="r_NR.rdonlyres.Electrical-Engineering-and-Computer-Science.6-828Fall2003.A3B01FC1-B642-43A6-B1E4-FC0C8907F821.0.hw16.pdf">
          <title>Lecture 16 home work</title>
        </item>
        <item identifier="i_6-828Fall2003.Assignments.hw17.pdf" identifierref="r_NR.rdonlyres.Electrical-Engineering-and-Computer-Science.6-828Fall2003.E07BDD65-E64C-4AF3-B469-B86F736ACA7A.0.hw17.pdf">
          <title>Lecture 17 assignment</title>
        </item>
        <item identifier="i_6-828Fall2003.Assignments.hw18.pdf" identifierref="r_NR.rdonlyres.Electrical-Engineering-and-Computer-Science.6-828Fall2003.7FD47BA8-7361-4777-AD52-6106D2A33EDF.0.hw18.pdf">
          <title>Lecture 18 assignment</title>
        </item>
        <item identifier="i_6-828Fall2003.Assignments.hw19.pdf" identifierref="r_NR.rdonlyres.Electrical-Engineering-and-Computer-Science.6-828Fall2003.1AA17C4F-49B3-4352-9659-35E3807EB92A.0.hw19.pdf">
          <title>Lecture 19 assignment</title>
        </item>
        <item identifier="i_6-828Fall2003.Assignments.hw20.pdf" identifierref="r_NR.rdonlyres.Electrical-Engineering-and-Computer-Science.6-828Fall2003.CC6E11A9-472D-4426-B5FA-601F70163E05.0.hw20.pdf">
          <title>Lecture 20 assignment</title>
        </item>
        <item identifier="i_6-828Fall2003.Assignments.hw21.pdf" identifierref="r_NR.rdonlyres.Electrical-Engineering-and-Computer-Science.6-828Fall2003.FC72E867-A61F-4B7F-9E52-D1E7C4ADC5C5.0.hw21.pdf">
          <title>Lecture 21 assignment</title>
        </item>
      </item>
      <item identifier="i_6-828Fall2003.Exams" identifierref="r_OcwWeb.Electrical-Engineering-and-Computer-Science.6-828Fall2003.Exams.index.htm" ocw:sectionTemplateType="GenericOther" ocw:sectionTemplateVersion="2006-04-25">
        <title>Exams</title>
        <item identifier="i_6-828Fall2003.Exams.q03_1_sol.pdf" identifierref="r_NR.rdonlyres.Electrical-Engineering-and-Computer-Science.6-828Fall2003.8C71D2EC-4E61-45FE-894A-84CB89879B61.0.q03_1_sol.pdf">
          <title>Quiz I Solutions</title>
        </item>
        <item identifier="i_6-828Fall2003.Exams.q03_2_sol.pdf" identifierref="r_NR.rdonlyres.Electrical-Engineering-and-Computer-Science.6-828Fall2003.62E9677D-42E5-4419-B188-D42EED05592C.0.q03_2_sol.pdf">
          <title>Quiz II Solutions</title>
        </item>
      </item>
      <item identifier="i_6-828Fall2003.DownloadthisCourse" identifierref="r_OcwWeb.Electrical-Engineering-and-Computer-Science.6-828Fall2003.DownloadthisCourse.index.htm" ocw:sectionTemplateType="DownloadPage" ocw:sectionTemplateVersion="2006-04-25">
        <title>Download this Course</title>
      </item>
      <item identifier="i_OcwWeb.Global.terms-of-use.htm" identifierref="r_OcwWeb.Global.terms-of-use.htm">
        <title>Legal Notices</title>
      </item>
      <item identifier="i_OcwWeb.Global.privacy.htm" identifierref="r_OcwWeb.Global.privacy.htm">
        <title>Privacy Statement</title>
      </item>
      <item identifier="i_OcwWeb.Global.trademarks.htm" identifierref="r_OcwWeb.Global.trademarks.htm">
        <title>Trademark Notices</title>
      </item>
    </organization>
  </organizations>
  <resources>
    <resource identifier="r_OcwWeb.Electrical-Engineering-and-Computer-Science.6-828Fall2003.CourseHome.index.htm" type="webcontent" href="OcwWeb/Electrical-Engineering-and-Computer-Science/6-828Fall2003/CourseHome/index.htm">
      <metadata>
        <adlcp:location>OcwWeb/Electrical-Engineering-and-Computer-Science/6-828Fall2003/CourseHome.xml</adlcp:location>
      </metadata>
      <file href="OcwWeb/Electrical-Engineering-and-Computer-Science/6-828Fall2003/CourseHome/index.htm" />
      <dependency identifierref="webrenderrequirements.6-828Fall2003" />
      <dependency identifierref="r_NR.rdonlyres.Global.9.9AA5590F-D039-4421-98EF-EBC44A358277.0.chp_AthenaScreenshot.jpg" />
    </resource>
    <resource identifier="r_NR.rdonlyres.Global.9.9AA5590F-D039-4421-98EF-EBC44A358277.0.chp_AthenaScreenshot.jpg" type="other">
      <metadata>
        <adlcp:location>OcwWeb/Electrical-Engineering-and-Computer-Science/6-828Fall2003/chp_AthenaScreenshot.jpg.xml</adlcp:location>
      </metadata>
      <file href="NR/rdonlyres/Global/9/9AA5590F-D039-4421-98EF-EBC44A358277/0/chp_AthenaScreenshot.jpg" />
    </resource>
    <resource identifier="r_OcwWeb.Electrical-Engineering-and-Computer-Science.6-828Fall2003.Syllabus.index.htm" type="webcontent" href="OcwWeb/Electrical-Engineering-and-Computer-Science/6-828Fall2003/Syllabus/index.htm">
      <metadata>
        <adlcp:location>OcwWeb/Electrical-Engineering-and-Computer-Science/6-828Fall2003/Syllabus.xml</adlcp:location>
      </metadata>
      <file href="OcwWeb/Electrical-Engineering-and-Computer-Science/6-828Fall2003/Syllabus/index.htm" />
      <dependency identifierref="webrenderrequirements.6-828Fall2003" />
    </resource>
    <resource identifier="r_OcwWeb.Electrical-Engineering-and-Computer-Science.6-828Fall2003.Calendar.index.htm" type="webcontent" href="OcwWeb/Electrical-Engineering-and-Computer-Science/6-828Fall2003/Calendar/index.htm">
      <metadata>
        <adlcp:location>OcwWeb/Electrical-Engineering-and-Computer-Science/6-828Fall2003/Calendar.xml</adlcp:location>
      </metadata>
      <file href="OcwWeb/Electrical-Engineering-and-Computer-Science/6-828Fall2003/Calendar/index.htm" />
      <dependency identifierref="webrenderrequirements.6-828Fall2003" />
    </resource>
    <resource identifier="r_OcwWeb.Electrical-Engineering-and-Computer-Science.6-828Fall2003.Readings.index.htm" type="webcontent" href="OcwWeb/Electrical-Engineering-and-Computer-Science/6-828Fall2003/Readings/index.htm">
      <metadata>
        <adlcp:location>OcwWeb/Electrical-Engineering-and-Computer-Science/6-828Fall2003/Readings.xml</adlcp:location>
      </metadata>
      <file href="OcwWeb/Electrical-Engineering-and-Computer-Science/6-828Fall2003/Readings/index.htm" />
      <dependency identifierref="webrenderrequirements.6-828Fall2003" />
    </resource>
    <resource identifier="r_OcwWeb.Electrical-Engineering-and-Computer-Science.6-828Fall2003.LectureNotes.index.htm" type="webcontent" href="OcwWeb/Electrical-Engineering-and-Computer-Science/6-828Fall2003/LectureNotes/index.htm">
      <metadata>
        <adlcp:location>OcwWeb/Electrical-Engineering-and-Computer-Science/6-828Fall2003/LectureNotes.xml</adlcp:location>
      </metadata>
      <file href="OcwWeb/Electrical-Engineering-and-Computer-Science/6-828Fall2003/LectureNotes/index.htm" />
      <dependency identifierref="webrenderrequirements.6-828Fall2003" />
    </resource>
    <resource identifier="r_OcwWeb.Electrical-Engineering-and-Computer-Science.6-828Fall2003.LectureNotes.detail.operating_system_overview.htm" type="webcontent" href="OcwWeb/Electrical-Engineering-and-Computer-Science/6-828Fall2003/LectureNotes/detail/operating_system_overview.htm">
      <file href="OcwWeb/Electrical-Engineering-and-Computer-Science/6-828Fall2003/LectureNotes/detail/operating_system_overview.htm" />
      <dependency identifierref="webrenderrequirements.6-828Fall2003" />
    </resource>
    <resource identifier="r_OcwWeb.Electrical-Engineering-and-Computer-Science.6-828Fall2003.LectureNotes.detail.pc_hardware_and_x86_-programming.htm" type="webcontent" href="OcwWeb/Electrical-Engineering-and-Computer-Science/6-828Fall2003/LectureNotes/detail/pc_hardware_and_x86_-programming.htm">
      <file href="OcwWeb/Electrical-Engineering-and-Computer-Science/6-828Fall2003/LectureNotes/detail/pc_hardware_and_x86_-programming.htm" />
      <dependency identifierref="webrenderrequirements.6-828Fall2003" />
    </resource>
    <resource identifier="r_OcwWeb.Electrical-Engineering-and-Computer-Science.6-828Fall2003.LectureNotes.detail.address_spaces.htm" type="webcontent" href="OcwWeb/Electrical-Engineering-and-Computer-Science/6-828Fall2003/LectureNotes/detail/address_spaces.htm">
      <file href="OcwWeb/Electrical-Engineering-and-Computer-Science/6-828Fall2003/LectureNotes/detail/address_spaces.htm" />
      <dependency identifierref="webrenderrequirements.6-828Fall2003" />
      <dependency identifierref="r_NR.rdonlyres.Electrical-Engineering-and-Computer-Science.6-828Fall2003.3611BDEC-73C6-4A81-B11E-716FF8869867.0.pdp_translation.jpg" />
      <dependency identifierref="r_NR.rdonlyres.Electrical-Engineering-and-Computer-Science.6-828Fall2003.E7E266C5-B22F-4FFB-B667-97F5D196A479.0.v7_kva.jpg" />
    </resource>
    <resource identifier="r_NR.rdonlyres.Electrical-Engineering-and-Computer-Science.6-828Fall2003.3611BDEC-73C6-4A81-B11E-716FF8869867.0.pdp_translation.jpg" type="other">
      <metadata>
        <adlcp:location>OcwWeb/Electrical-Engineering-and-Computer-Science/6-828Fall2003/pdp_translation.jpg.xml</adlcp:location>
      </metadata>
      <file href="NR/rdonlyres/Electrical-Engineering-and-Computer-Science/6-828Fall2003/3611BDEC-73C6-4A81-B11E-716FF8869867/0/pdp_translation.jpg" />
    </resource>
    <resource identifier="r_NR.rdonlyres.Electrical-Engineering-and-Computer-Science.6-828Fall2003.E7E266C5-B22F-4FFB-B667-97F5D196A479.0.v7_kva.jpg" type="other">
      <metadata>
        <adlcp:location>OcwWeb/Electrical-Engineering-and-Computer-Science/6-828Fall2003/v7_kva.jpg.xml</adlcp:location>
      </metadata>
      <file href="NR/rdonlyres/Electrical-Engineering-and-Computer-Science/6-828Fall2003/E7E266C5-B22F-4FFB-B667-97F5D196A479/0/v7_kva.jpg" />
    </resource>
    <resource identifier="r_OcwWeb.Electrical-Engineering-and-Computer-Science.6-828Fall2003.LectureNotes.detail.managing_address_spaces.htm" type="webcontent" href="OcwWeb/Electrical-Engineering-and-Computer-Science/6-828Fall2003/LectureNotes/detail/managing_address_spaces.htm">
      <file href="OcwWeb/Electrical-Engineering-and-Computer-Science/6-828Fall2003/LectureNotes/detail/managing_address_spaces.htm" />
      <dependency identifierref="webrenderrequirements.6-828Fall2003" />
      <dependency identifierref="r_NR.rdonlyres.Electrical-Engineering-and-Computer-Science.6-828Fall2003.32B5A943-6226-4623-A192-2DF6C289D50D.0.v7_kuva.jpg" />
    </resource>
    <resource identifier="r_NR.rdonlyres.Electrical-Engineering-and-Computer-Science.6-828Fall2003.32B5A943-6226-4623-A192-2DF6C289D50D.0.v7_kuva.jpg" type="other">
      <metadata>
        <adlcp:location>OcwWeb/Electrical-Engineering-and-Computer-Science/6-828Fall2003/v7_kuva.jpg.xml</adlcp:location>
      </metadata>
      <file href="NR/rdonlyres/Electrical-Engineering-and-Computer-Science/6-828Fall2003/32B5A943-6226-4623-A192-2DF6C289D50D/0/v7_kuva.jpg" />
    </resource>
    <resource identifier="r_OcwWeb.Electrical-Engineering-and-Computer-Science.6-828Fall2003.LectureNotes.detail.lec5.htm" type="webcontent" href="OcwWeb/Electrical-Engineering-and-Computer-Science/6-828Fall2003/LectureNotes/detail/lec5.htm">
      <file href="OcwWeb/Electrical-Engineering-and-Computer-Science/6-828Fall2003/LectureNotes/detail/lec5.htm" />
      <dependency identifierref="webrenderrequirements.6-828Fall2003" />
      <dependency identifierref="r_NR.rdonlyres.Electrical-Engineering-and-Computer-Science.6-828Fall2003.907F6892-EFE1-4962-9756-6142131698E1.0.x86_translation.jpg" />
    </resource>
    <resource identifier="r_NR.rdonlyres.Electrical-Engineering-and-Computer-Science.6-828Fall2003.907F6892-EFE1-4962-9756-6142131698E1.0.x86_translation.jpg" type="other">
      <metadata>
        <adlcp:location>OcwWeb/Electrical-Engineering-and-Computer-Science/6-828Fall2003/x86_translation.jpg.xml</adlcp:location>
      </metadata>
      <file href="NR/rdonlyres/Electrical-Engineering-and-Computer-Science/6-828Fall2003/907F6892-EFE1-4962-9756-6142131698E1/0/x86_translation.jpg" />
    </resource>
    <resource identifier="r_OcwWeb.Electrical-Engineering-and-Computer-Science.6-828Fall2003.LectureNotes.detail.lec6.htm" type="webcontent" href="OcwWeb/Electrical-Engineering-and-Computer-Science/6-828Fall2003/LectureNotes/detail/lec6.htm">
      <file href="OcwWeb/Electrical-Engineering-and-Computer-Science/6-828Fall2003/LectureNotes/detail/lec6.htm" />
      <dependency identifierref="webrenderrequirements.6-828Fall2003" />
    </resource>
    <resource identifier="r_OcwWeb.Electrical-Engineering-and-Computer-Science.6-828Fall2003.LectureNotes.detail.lec7.htm" type="webcontent" href="OcwWeb/Electrical-Engineering-and-Computer-Science/6-828Fall2003/LectureNotes/detail/lec7.htm">
      <file href="OcwWeb/Electrical-Engineering-and-Computer-Science/6-828Fall2003/LectureNotes/detail/lec7.htm" />
      <dependency identifierref="webrenderrequirements.6-828Fall2003" />
    </resource>
    <resource identifier="r_OcwWeb.Electrical-Engineering-and-Computer-Science.6-828Fall2003.LectureNotes.detail.lec8.htm" type="webcontent" href="OcwWeb/Electrical-Engineering-and-Computer-Science/6-828Fall2003/LectureNotes/detail/lec8.htm">
      <file href="OcwWeb/Electrical-Engineering-and-Computer-Science/6-828Fall2003/LectureNotes/detail/lec8.htm" />
      <dependency identifierref="webrenderrequirements.6-828Fall2003" />
    </resource>
    <resource identifier="r_OcwWeb.Electrical-Engineering-and-Computer-Science.6-828Fall2003.LectureNotes.detail.lec9.htm" type="webcontent" href="OcwWeb/Electrical-Engineering-and-Computer-Science/6-828Fall2003/LectureNotes/detail/lec9.htm">
      <file href="OcwWeb/Electrical-Engineering-and-Computer-Science/6-828Fall2003/LectureNotes/detail/lec9.htm" />
      <dependency identifierref="webrenderrequirements.6-828Fall2003" />
    </resource>
    <resource identifier="r_OcwWeb.Electrical-Engineering-and-Computer-Science.6-828Fall2003.LectureNotes.detail.lec11.htm" type="webcontent" href="OcwWeb/Electrical-Engineering-and-Computer-Science/6-828Fall2003/LectureNotes/detail/lec11.htm">
      <file href="OcwWeb/Electrical-Engineering-and-Computer-Science/6-828Fall2003/LectureNotes/detail/lec11.htm" />
      <dependency identifierref="webrenderrequirements.6-828Fall2003" />
    </resource>
    <resource identifier="r_OcwWeb.Electrical-Engineering-and-Computer-Science.6-828Fall2003.LectureNotes.detail.lec12.htm" type="webcontent" href="OcwWeb/Electrical-Engineering-and-Computer-Science/6-828Fall2003/LectureNotes/detail/lec12.htm">
      <file href="OcwWeb/Electrical-Engineering-and-Computer-Science/6-828Fall2003/LectureNotes/detail/lec12.htm" />
      <dependency identifierref="webrenderrequirements.6-828Fall2003" />
    </resource>
    <resource identifier="r_OcwWeb.Electrical-Engineering-and-Computer-Science.6-828Fall2003.LectureNotes.detail.lec13.htm" type="webcontent" href="OcwWeb/Electrical-Engineering-and-Computer-Science/6-828Fall2003/LectureNotes/detail/lec13.htm">
      <file href="OcwWeb/Electrical-Engineering-and-Computer-Science/6-828Fall2003/LectureNotes/detail/lec13.htm" />
      <dependency identifierref="webrenderrequirements.6-828Fall2003" />
    </resource>
    <resource identifier="r_OcwWeb.Electrical-Engineering-and-Computer-Science.6-828Fall2003.LectureNotes.detail.lec14.htm" type="webcontent" href="OcwWeb/Electrical-Engineering-and-Computer-Science/6-828Fall2003/LectureNotes/detail/lec14.htm">
      <file href="OcwWeb/Electrical-Engineering-and-Computer-Science/6-828Fall2003/LectureNotes/detail/lec14.htm" />
      <dependency identifierref="webrenderrequirements.6-828Fall2003" />
    </resource>
    <resource identifier="r_OcwWeb.Electrical-Engineering-and-Computer-Science.6-828Fall2003.LectureNotes.detail.lec16.htm" type="webcontent" href="OcwWeb/Electrical-Engineering-and-Computer-Science/6-828Fall2003/LectureNotes/detail/lec16.htm">
      <file href="OcwWeb/Electrical-Engineering-and-Computer-Science/6-828Fall2003/LectureNotes/detail/lec16.htm" />
      <dependency identifierref="webrenderrequirements.6-828Fall2003" />
    </resource>
    <resource identifier="r_OcwWeb.Electrical-Engineering-and-Computer-Science.6-828Fall2003.LectureNotes.detail.lec17.htm" type="webcontent" href="OcwWeb/Electrical-Engineering-and-Computer-Science/6-828Fall2003/LectureNotes/detail/lec17.htm">
      <file href="OcwWeb/Electrical-Engineering-and-Computer-Science/6-828Fall2003/LectureNotes/detail/lec17.htm" />
      <dependency identifierref="webrenderrequirements.6-828Fall2003" />
    </resource>
    <resource identifier="r_OcwWeb.Electrical-Engineering-and-Computer-Science.6-828Fall2003.LectureNotes.detail.scheduling.htm" type="webcontent" href="OcwWeb/Electrical-Engineering-and-Computer-Science/6-828Fall2003/LectureNotes/detail/scheduling.htm">
      <file href="OcwWeb/Electrical-Engineering-and-Computer-Science/6-828Fall2003/LectureNotes/detail/scheduling.htm" />
      <dependency identifierref="webrenderrequirements.6-828Fall2003" />
    </resource>
    <resource identifier="r_OcwWeb.Electrical-Engineering-and-Computer-Science.6-828Fall2003.LectureNotes.detail.virtual_machines-.htm" type="webcontent" href="OcwWeb/Electrical-Engineering-and-Computer-Science/6-828Fall2003/LectureNotes/detail/virtual_machines-.htm">
      <file href="OcwWeb/Electrical-Engineering-and-Computer-Science/6-828Fall2003/LectureNotes/detail/virtual_machines-.htm" />
      <dependency identifierref="webrenderrequirements.6-828Fall2003" />
    </resource>
    <resource identifier="r_OcwWeb.Electrical-Engineering-and-Computer-Science.6-828Fall2003.LectureNotes.detail.operating_system_bugs.htm" type="webcontent" href="OcwWeb/Electrical-Engineering-and-Computer-Science/6-828Fall2003/LectureNotes/detail/operating_system_bugs.htm">
      <file href="OcwWeb/Electrical-Engineering-and-Computer-Science/6-828Fall2003/LectureNotes/detail/operating_system_bugs.htm" />
      <dependency identifierref="webrenderrequirements.6-828Fall2003" />
    </resource>
    <resource identifier="r_OcwWeb.Electrical-Engineering-and-Computer-Science.6-828Fall2003.Labs.index.htm" type="webcontent" href="OcwWeb/Electrical-Engineering-and-Computer-Science/6-828Fall2003/Labs/index.htm">
      <metadata>
        <adlcp:location>OcwWeb/Electrical-Engineering-and-Computer-Science/6-828Fall2003/Labs.xml</adlcp:location>
      </metadata>
      <file href="OcwWeb/Electrical-Engineering-and-Computer-Science/6-828Fall2003/Labs/index.htm" />
      <dependency identifierref="webrenderrequirements.6-828Fall2003" />
    </resource>
    <resource identifier="r_NR.rdonlyres.Electrical-Engineering-and-Computer-Science.6-828Fall2003.307A169C-F05C-41B2-B686-FAB60C92529E.0.lab1.pdf" type="other">
      <metadata>
        <adlcp:location>OcwWeb/Electrical-Engineering-and-Computer-Science/6-828Fall2003/lab1.pdf.xml</adlcp:location>
      </metadata>
      <file href="NR/rdonlyres/Electrical-Engineering-and-Computer-Science/6-828Fall2003/307A169C-F05C-41B2-B686-FAB60C92529E/0/lab1.pdf" />
    </resource>
    <resource identifier="r_NR.rdonlyres.Electrical-Engineering-and-Computer-Science.6-828Fall2003.2A03D1C1-09E4-4703-92FE-CF94BB04C3D0.0.lab1.zip" type="other">
      <metadata>
        <adlcp:location>OcwWeb/Electrical-Engineering-and-Computer-Science/6-828Fall2003/lab1.zip.xml</adlcp:location>
      </metadata>
      <file href="NR/rdonlyres/Electrical-Engineering-and-Computer-Science/6-828Fall2003/2A03D1C1-09E4-4703-92FE-CF94BB04C3D0/0/lab1.zip" />
    </resource>
    <resource identifier="r_NR.rdonlyres.Electrical-Engineering-and-Computer-Science.6-828Fall2003.A30FCA67-C181-4CE7-8211-4323743C8745.0.lab2.pdf" type="other">
      <metadata>
        <adlcp:location>OcwWeb/Electrical-Engineering-and-Computer-Science/6-828Fall2003/lab2.pdf.xml</adlcp:location>
      </metadata>
      <file href="NR/rdonlyres/Electrical-Engineering-and-Computer-Science/6-828Fall2003/A30FCA67-C181-4CE7-8211-4323743C8745/0/lab2.pdf" />
    </resource>
    <resource identifier="r_NR.rdonlyres.Electrical-Engineering-and-Computer-Science.6-828Fall2003.76CA82CA-D195-490C-BD06-E89CC04EE308.0.lab2.zip" type="other">
      <metadata>
        <adlcp:location>OcwWeb/Electrical-Engineering-and-Computer-Science/6-828Fall2003/lab2.zip.xml</adlcp:location>
      </metadata>
      <file href="NR/rdonlyres/Electrical-Engineering-and-Computer-Science/6-828Fall2003/76CA82CA-D195-490C-BD06-E89CC04EE308/0/lab2.zip" />
    </resource>
    <resource identifier="r_NR.rdonlyres.Electrical-Engineering-and-Computer-Science.6-828Fall2003.47DE1D8E-942E-4A58-9FE9-B40C7B076824.0.lab3.pdf" type="other">
      <metadata>
        <adlcp:location>OcwWeb/Electrical-Engineering-and-Computer-Science/6-828Fall2003/lab3.pdf.xml</adlcp:location>
      </metadata>
      <file href="NR/rdonlyres/Electrical-Engineering-and-Computer-Science/6-828Fall2003/47DE1D8E-942E-4A58-9FE9-B40C7B076824/0/lab3.pdf" />
    </resource>
    <resource identifier="r_NR.rdonlyres.Electrical-Engineering-and-Computer-Science.6-828Fall2003.3FF60DB1-6FEB-4D64-9A95-65D1394B50C1.0.lab3.zip" type="other">
      <metadata>
        <adlcp:location>OcwWeb/Electrical-Engineering-and-Computer-Science/6-828Fall2003/lab3.zip.xml</adlcp:location>
      </metadata>
      <file href="NR/rdonlyres/Electrical-Engineering-and-Computer-Science/6-828Fall2003/3FF60DB1-6FEB-4D64-9A95-65D1394B50C1/0/lab3.zip" />
    </resource>
    <resource identifier="r_NR.rdonlyres.Electrical-Engineering-and-Computer-Science.6-828Fall2003.93388E49-10B4-49D7-9B80-4D05F8A2BCB2.0.lab4.pdf" type="other">
      <metadata>
        <adlcp:location>OcwWeb/Electrical-Engineering-and-Computer-Science/6-828Fall2003/lab4.pdf.xml</adlcp:location>
      </metadata>
      <file href="NR/rdonlyres/Electrical-Engineering-and-Computer-Science/6-828Fall2003/93388E49-10B4-49D7-9B80-4D05F8A2BCB2/0/lab4.pdf" />
    </resource>
    <resource identifier="r_NR.rdonlyres.Electrical-Engineering-and-Computer-Science.6-828Fall2003.7A8B794E-BD6D-48E6-85EA-BF65951EEA00.0.lab4.zip" type="other">
      <metadata>
        <adlcp:location>OcwWeb/Electrical-Engineering-and-Computer-Science/6-828Fall2003/lab4.zip.xml</adlcp:location>
      </metadata>
      <file href="NR/rdonlyres/Electrical-Engineering-and-Computer-Science/6-828Fall2003/7A8B794E-BD6D-48E6-85EA-BF65951EEA00/0/lab4.zip" />
    </resource>
    <resource identifier="r_NR.rdonlyres.Electrical-Engineering-and-Computer-Science.6-828Fall2003.2F9A01B4-8D2F-4C52-928D-F98ECD4CBC78.0.lab4gradesh.txt" type="other">
      <metadata>
        <adlcp:location>OcwWeb/Electrical-Engineering-and-Computer-Science/6-828Fall2003/lab4-grade-sh.txt.xml</adlcp:location>
      </metadata>
      <file href="NR/rdonlyres/Electrical-Engineering-and-Computer-Science/6-828Fall2003/2F9A01B4-8D2F-4C52-928D-F98ECD4CBC78/0/lab4gradesh.txt" />
    </resource>
    <resource identifier="r_NR.rdonlyres.Electrical-Engineering-and-Computer-Science.6-828Fall2003.2B23B000-2E35-4C1E-921E-6759BD53E012.0.printf.txt" type="other">
      <metadata>
        <adlcp:location>OcwWeb/Electrical-Engineering-and-Computer-Science/6-828Fall2003/printf.txt.xml</adlcp:location>
      </metadata>
      <file href="NR/rdonlyres/Electrical-Engineering-and-Computer-Science/6-828Fall2003/2B23B000-2E35-4C1E-921E-6759BD53E012/0/printf.txt" />
    </resource>
    <resource identifier="r_NR.rdonlyres.Electrical-Engineering-and-Computer-Science.6-828Fall2003.90982A01-6965-41EC-A052-83233CACDD97.0.lab5.pdf" type="other">
      <metadata>
        <adlcp:location>OcwWeb/Electrical-Engineering-and-Computer-Science/6-828Fall2003/lab5.pdf.xml</adlcp:location>
      </metadata>
      <file href="NR/rdonlyres/Electrical-Engineering-and-Computer-Science/6-828Fall2003/90982A01-6965-41EC-A052-83233CACDD97/0/lab5.pdf" />
    </resource>
    <resource identifier="r_NR.rdonlyres.Electrical-Engineering-and-Computer-Science.6-828Fall2003.34EC2ACE-D8A2-4F13-9FA6-4114467AF0B7.0.lab5.zip" type="other">
      <metadata>
        <adlcp:location>OcwWeb/Electrical-Engineering-and-Computer-Science/6-828Fall2003/lab5.zip.xml</adlcp:location>
      </metadata>
      <file href="NR/rdonlyres/Electrical-Engineering-and-Computer-Science/6-828Fall2003/34EC2ACE-D8A2-4F13-9FA6-4114467AF0B7/0/lab5.zip" />
    </resource>
    <resource identifier="r_NR.rdonlyres.Electrical-Engineering-and-Computer-Science.6-828Fall2003.9021C334-BF74-4186-B76B-CDFDB7B17FCC.0.lab6.pdf" type="other">
      <metadata>
        <adlcp:location>OcwWeb/Electrical-Engineering-and-Computer-Science/6-828Fall2003/lab6.pdf.xml</adlcp:location>
      </metadata>
      <file href="NR/rdonlyres/Electrical-Engineering-and-Computer-Science/6-828Fall2003/9021C334-BF74-4186-B76B-CDFDB7B17FCC/0/lab6.pdf" />
    </resource>
    <resource identifier="r_NR.rdonlyres.Electrical-Engineering-and-Computer-Science.6-828Fall2003.3AED1624-952A-4E51-93CE-C7430C82C35A.0.lab6.zip" type="other">
      <metadata>
        <adlcp:location>OcwWeb/Electrical-Engineering-and-Computer-Science/6-828Fall2003/lab6.zip.xml</adlcp:location>
      </metadata>
      <file href="NR/rdonlyres/Electrical-Engineering-and-Computer-Science/6-828Fall2003/3AED1624-952A-4E51-93CE-C7430C82C35A/0/lab6.zip" />
    </resource>
    <resource identifier="r_NR.rdonlyres.Electrical-Engineering-and-Computer-Science.6-828Fall2003.577F4B5F-2EF7-41BE-9CC9-28126D6E3F4D.0.lab6b.zip" type="other">
      <metadata>
        <adlcp:location>OcwWeb/Electrical-Engineering-and-Computer-Science/6-828Fall2003/lab6b.zip.xml</adlcp:location>
      </metadata>
      <file href="NR/rdonlyres/Electrical-Engineering-and-Computer-Science/6-828Fall2003/577F4B5F-2EF7-41BE-9CC9-28126D6E3F4D/0/lab6b.zip" />
    </resource>
    <resource identifier="r_OcwWeb.Electrical-Engineering-and-Computer-Science.6-828Fall2003.Assignments.index.htm" type="webcontent" href="OcwWeb/Electrical-Engineering-and-Computer-Science/6-828Fall2003/Assignments/index.htm">
      <metadata>
        <adlcp:location>OcwWeb/Electrical-Engineering-and-Computer-Science/6-828Fall2003/Assignments.xml</adlcp:location>
      </metadata>
      <file href="OcwWeb/Electrical-Engineering-and-Computer-Science/6-828Fall2003/Assignments/index.htm" />
      <dependency identifierref="webrenderrequirements.6-828Fall2003" />
    </resource>
    <resource identifier="r_NR.rdonlyres.Electrical-Engineering-and-Computer-Science.6-828Fall2003.0DADF167-E9A6-4C59-BA4A-5F12425C1D61.0.hw1.pdf" type="other">
      <metadata>
        <adlcp:location>OcwWeb/Electrical-Engineering-and-Computer-Science/6-828Fall2003/hw1.pdf.xml</adlcp:location>
      </metadata>
      <file href="NR/rdonlyres/Electrical-Engineering-and-Computer-Science/6-828Fall2003/0DADF167-E9A6-4C59-BA4A-5F12425C1D61/0/hw1.pdf" />
    </resource>
    <resource identifier="r_NR.rdonlyres.Electrical-Engineering-and-Computer-Science.6-828Fall2003.19A22A44-8A0B-4E5C-9707-18AE221ABCEB.0.hw2.pdf" type="other">
      <metadata>
        <adlcp:location>OcwWeb/Electrical-Engineering-and-Computer-Science/6-828Fall2003/hw2.pdf.xml</adlcp:location>
      </metadata>
      <file href="NR/rdonlyres/Electrical-Engineering-and-Computer-Science/6-828Fall2003/19A22A44-8A0B-4E5C-9707-18AE221ABCEB/0/hw2.pdf" />
    </resource>
    <resource identifier="r_NR.rdonlyres.Electrical-Engineering-and-Computer-Science.6-828Fall2003.7FABC1DD-D06A-49A0-98CF-0A90438A3FCF.0.hw3.pdf" type="other">
      <metadata>
        <adlcp:location>OcwWeb/Electrical-Engineering-and-Computer-Science/6-828Fall2003/hw3.pdf.xml</adlcp:location>
      </metadata>
      <file href="NR/rdonlyres/Electrical-Engineering-and-Computer-Science/6-828Fall2003/7FABC1DD-D06A-49A0-98CF-0A90438A3FCF/0/hw3.pdf" />
    </resource>
    <resource identifier="r_NR.rdonlyres.Electrical-Engineering-and-Computer-Science.6-828Fall2003.FC0C96BD-97C6-4BD5-B182-F0952FD04AD7.0.hw4.pdf" type="other">
      <metadata>
        <adlcp:location>OcwWeb/Electrical-Engineering-and-Computer-Science/6-828Fall2003/hw4.pdf.xml</adlcp:location>
      </metadata>
      <file href="NR/rdonlyres/Electrical-Engineering-and-Computer-Science/6-828Fall2003/FC0C96BD-97C6-4BD5-B182-F0952FD04AD7/0/hw4.pdf" />
    </resource>
    <resource identifier="r_NR.rdonlyres.Electrical-Engineering-and-Computer-Science.6-828Fall2003.CAA58E10-465A-4993-A3C1-63D940C49C11.0.hw5.pdf" type="other">
      <metadata>
        <adlcp:location>OcwWeb/Electrical-Engineering-and-Computer-Science/6-828Fall2003/hw5.pdf.xml</adlcp:location>
      </metadata>
      <file href="NR/rdonlyres/Electrical-Engineering-and-Computer-Science/6-828Fall2003/CAA58E10-465A-4993-A3C1-63D940C49C11/0/hw5.pdf" />
    </resource>
    <resource identifier="r_NR.rdonlyres.Electrical-Engineering-and-Computer-Science.6-828Fall2003.7897D7D3-089A-4DC4-9135-B096234938CA.0.hw6.pdf" type="other">
      <metadata>
        <adlcp:location>OcwWeb/Electrical-Engineering-and-Computer-Science/6-828Fall2003/hw6.pdf.xml</adlcp:location>
      </metadata>
      <file href="NR/rdonlyres/Electrical-Engineering-and-Computer-Science/6-828Fall2003/7897D7D3-089A-4DC4-9135-B096234938CA/0/hw6.pdf" />
    </resource>
    <resource identifier="r_NR.rdonlyres.Electrical-Engineering-and-Computer-Science.6-828Fall2003.9701CBFD-E4E8-45BF-845C-0F47DCAD3FDA.0.hw7.pdf" type="other">
      <metadata>
        <adlcp:location>OcwWeb/Electrical-Engineering-and-Computer-Science/6-828Fall2003/hw7.pdf.xml</adlcp:location>
      </metadata>
      <file href="NR/rdonlyres/Electrical-Engineering-and-Computer-Science/6-828Fall2003/9701CBFD-E4E8-45BF-845C-0F47DCAD3FDA/0/hw7.pdf" />
    </resource>
    <resource identifier="r_NR.rdonlyres.Electrical-Engineering-and-Computer-Science.6-828Fall2003.2401536F-E3F6-49D1-8F95-A4BF28203CD8.0.hw8.pdf" type="other">
      <metadata>
        <adlcp:location>OcwWeb/Electrical-Engineering-and-Computer-Science/6-828Fall2003/hw8.pdf.xml</adlcp:location>
      </metadata>
      <file href="NR/rdonlyres/Electrical-Engineering-and-Computer-Science/6-828Fall2003/2401536F-E3F6-49D1-8F95-A4BF28203CD8/0/hw8.pdf" />
    </resource>
    <resource identifier="r_NR.rdonlyres.Electrical-Engineering-and-Computer-Science.6-828Fall2003.9AA30DFF-F18A-4147-AC89-AF27EBDE9424.0.hw9.pdf" type="other">
      <metadata>
        <adlcp:location>OcwWeb/Electrical-Engineering-and-Computer-Science/6-828Fall2003/hw9.pdf.xml</adlcp:location>
      </metadata>
      <file href="NR/rdonlyres/Electrical-Engineering-and-Computer-Science/6-828Fall2003/9AA30DFF-F18A-4147-AC89-AF27EBDE9424/0/hw9.pdf" />
    </resource>
    <resource identifier="r_NR.rdonlyres.Electrical-Engineering-and-Computer-Science.6-828Fall2003.6797FA1B-3D6A-4D1F-8BC3-7C56B465F953.0.hw10.pdf" type="other">
      <metadata>
        <adlcp:location>OcwWeb/Electrical-Engineering-and-Computer-Science/6-828Fall2003/hw10.pdf.xml</adlcp:location>
      </metadata>
      <file href="NR/rdonlyres/Electrical-Engineering-and-Computer-Science/6-828Fall2003/6797FA1B-3D6A-4D1F-8BC3-7C56B465F953/0/hw10.pdf" />
    </resource>
    <resource identifier="r_NR.rdonlyres.Electrical-Engineering-and-Computer-Science.6-828Fall2003.9CAD4908-517C-41EE-945F-989EE1CD23A1.0.hw11.pdf" type="other">
      <metadata>
        <adlcp:location>OcwWeb/Electrical-Engineering-and-Computer-Science/6-828Fall2003/hw11.pdf.xml</adlcp:location>
      </metadata>
      <file href="NR/rdonlyres/Electrical-Engineering-and-Computer-Science/6-828Fall2003/9CAD4908-517C-41EE-945F-989EE1CD23A1/0/hw11.pdf" />
    </resource>
    <resource identifier="r_NR.rdonlyres.Electrical-Engineering-and-Computer-Science.6-828Fall2003.C25E30E3-C527-4E18-B75A-68CBFA391F98.0.hw12.pdf" type="other">
      <metadata>
        <adlcp:location>OcwWeb/Electrical-Engineering-and-Computer-Science/6-828Fall2003/hw12.pdf.xml</adlcp:location>
      </metadata>
      <file href="NR/rdonlyres/Electrical-Engineering-and-Computer-Science/6-828Fall2003/C25E30E3-C527-4E18-B75A-68CBFA391F98/0/hw12.pdf" />
    </resource>
    <resource identifier="r_NR.rdonlyres.Electrical-Engineering-and-Computer-Science.6-828Fall2003.4967A89A-C13C-467C-B952-017A3DD2C4AF.0.hw13.pdf" type="other">
      <metadata>
        <adlcp:location>OcwWeb/Electrical-Engineering-and-Computer-Science/6-828Fall2003/hw13.pdf.xml</adlcp:location>
      </metadata>
      <file href="NR/rdonlyres/Electrical-Engineering-and-Computer-Science/6-828Fall2003/4967A89A-C13C-467C-B952-017A3DD2C4AF/0/hw13.pdf" />
    </resource>
    <resource identifier="r_NR.rdonlyres.Electrical-Engineering-and-Computer-Science.6-828Fall2003.29712BA7-4947-4527-B20E-4ECBB1097933.0.hw14.pdf" type="other">
      <metadata>
        <adlcp:location>OcwWeb/Electrical-Engineering-and-Computer-Science/6-828Fall2003/hw14.pdf.xml</adlcp:location>
      </metadata>
      <file href="NR/rdonlyres/Electrical-Engineering-and-Computer-Science/6-828Fall2003/29712BA7-4947-4527-B20E-4ECBB1097933/0/hw14.pdf" />
    </resource>
    <resource identifier="r_NR.rdonlyres.Electrical-Engineering-and-Computer-Science.6-828Fall2003.9BE3661A-F9CF-4EAF-A9D1-C3983EF263CE.0.hw15.pdf" type="other">
      <metadata>
        <adlcp:location>OcwWeb/Electrical-Engineering-and-Computer-Science/6-828Fall2003/hw15.pdf.xml</adlcp:location>
      </metadata>
      <file href="NR/rdonlyres/Electrical-Engineering-and-Computer-Science/6-828Fall2003/9BE3661A-F9CF-4EAF-A9D1-C3983EF263CE/0/hw15.pdf" />
    </resource>
    <resource identifier="r_NR.rdonlyres.Electrical-Engineering-and-Computer-Science.6-828Fall2003.A3B01FC1-B642-43A6-B1E4-FC0C8907F821.0.hw16.pdf" type="other">
      <metadata>
        <adlcp:location>OcwWeb/Electrical-Engineering-and-Computer-Science/6-828Fall2003/hw16.pdf.xml</adlcp:location>
      </metadata>
      <file href="NR/rdonlyres/Electrical-Engineering-and-Computer-Science/6-828Fall2003/A3B01FC1-B642-43A6-B1E4-FC0C8907F821/0/hw16.pdf" />
    </resource>
    <resource identifier="r_NR.rdonlyres.Electrical-Engineering-and-Computer-Science.6-828Fall2003.E07BDD65-E64C-4AF3-B469-B86F736ACA7A.0.hw17.pdf" type="other">
      <metadata>
        <adlcp:location>OcwWeb/Electrical-Engineering-and-Computer-Science/6-828Fall2003/hw17.pdf.xml</adlcp:location>
      </metadata>
      <file href="NR/rdonlyres/Electrical-Engineering-and-Computer-Science/6-828Fall2003/E07BDD65-E64C-4AF3-B469-B86F736ACA7A/0/hw17.pdf" />
    </resource>
    <resource identifier="r_NR.rdonlyres.Electrical-Engineering-and-Computer-Science.6-828Fall2003.7FD47BA8-7361-4777-AD52-6106D2A33EDF.0.hw18.pdf" type="other">
      <metadata>
        <adlcp:location>OcwWeb/Electrical-Engineering-and-Computer-Science/6-828Fall2003/hw18.pdf.xml</adlcp:location>
      </metadata>
      <file href="NR/rdonlyres/Electrical-Engineering-and-Computer-Science/6-828Fall2003/7FD47BA8-7361-4777-AD52-6106D2A33EDF/0/hw18.pdf" />
    </resource>
    <resource identifier="r_NR.rdonlyres.Electrical-Engineering-and-Computer-Science.6-828Fall2003.1AA17C4F-49B3-4352-9659-35E3807EB92A.0.hw19.pdf" type="other">
      <metadata>
        <adlcp:location>OcwWeb/Electrical-Engineering-and-Computer-Science/6-828Fall2003/hw19.pdf.xml</adlcp:location>
      </metadata>
      <file href="NR/rdonlyres/Electrical-Engineering-and-Computer-Science/6-828Fall2003/1AA17C4F-49B3-4352-9659-35E3807EB92A/0/hw19.pdf" />
    </resource>
    <resource identifier="r_NR.rdonlyres.Electrical-Engineering-and-Computer-Science.6-828Fall2003.CC6E11A9-472D-4426-B5FA-601F70163E05.0.hw20.pdf" type="other">
      <metadata>
        <adlcp:location>OcwWeb/Electrical-Engineering-and-Computer-Science/6-828Fall2003/hw20.pdf.xml</adlcp:location>
      </metadata>
      <file href="NR/rdonlyres/Electrical-Engineering-and-Computer-Science/6-828Fall2003/CC6E11A9-472D-4426-B5FA-601F70163E05/0/hw20.pdf" />
    </resource>
    <resource identifier="r_NR.rdonlyres.Electrical-Engineering-and-Computer-Science.6-828Fall2003.FC72E867-A61F-4B7F-9E52-D1E7C4ADC5C5.0.hw21.pdf" type="other">
      <metadata>
        <adlcp:location>OcwWeb/Electrical-Engineering-and-Computer-Science/6-828Fall2003/hw21.pdf.xml</adlcp:location>
      </metadata>
      <file href="NR/rdonlyres/Electrical-Engineering-and-Computer-Science/6-828Fall2003/FC72E867-A61F-4B7F-9E52-D1E7C4ADC5C5/0/hw21.pdf" />
    </resource>
    <resource identifier="r_OcwWeb.Electrical-Engineering-and-Computer-Science.6-828Fall2003.Exams.index.htm" type="webcontent" href="OcwWeb/Electrical-Engineering-and-Computer-Science/6-828Fall2003/Exams/index.htm">
      <metadata>
        <adlcp:location>OcwWeb/Electrical-Engineering-and-Computer-Science/6-828Fall2003/Exams.xml</adlcp:location>
      </metadata>
      <file href="OcwWeb/Electrical-Engineering-and-Computer-Science/6-828Fall2003/Exams/index.htm" />
      <dependency identifierref="webrenderrequirements.6-828Fall2003" />
    </resource>
    <resource identifier="r_NR.rdonlyres.Electrical-Engineering-and-Computer-Science.6-828Fall2003.8C71D2EC-4E61-45FE-894A-84CB89879B61.0.q03_1_sol.pdf" type="other">
      <metadata>
        <adlcp:location>OcwWeb/Electrical-Engineering-and-Computer-Science/6-828Fall2003/q03_1_sol.pdf.xml</adlcp:location>
      </metadata>
      <file href="NR/rdonlyres/Electrical-Engineering-and-Computer-Science/6-828Fall2003/8C71D2EC-4E61-45FE-894A-84CB89879B61/0/q03_1_sol.pdf" />
    </resource>
    <resource identifier="r_NR.rdonlyres.Electrical-Engineering-and-Computer-Science.6-828Fall2003.62E9677D-42E5-4419-B188-D42EED05592C.0.q03_2_sol.pdf" type="other">
      <metadata>
        <adlcp:location>OcwWeb/Electrical-Engineering-and-Computer-Science/6-828Fall2003/q03_2_sol.pdf.xml</adlcp:location>
      </metadata>
      <file href="NR/rdonlyres/Electrical-Engineering-and-Computer-Science/6-828Fall2003/62E9677D-42E5-4419-B188-D42EED05592C/0/q03_2_sol.pdf" />
    </resource>
    <resource identifier="r_OcwWeb.Electrical-Engineering-and-Computer-Science.6-828Fall2003.DownloadthisCourse.index.htm" type="webcontent" href="OcwWeb/Electrical-Engineering-and-Computer-Science/6-828Fall2003/DownloadthisCourse/index.htm">
      <metadata>
        <adlcp:location>OcwWeb/Electrical-Engineering-and-Computer-Science/6-828Fall2003/DownloadthisCourse.xml</adlcp:location>
      </metadata>
      <file href="OcwWeb/Electrical-Engineering-and-Computer-Science/6-828Fall2003/DownloadthisCourse/index.htm" />
      <dependency identifierref="webrenderrequirements.6-828Fall2003" />
    </resource>
    <resource identifier="r_OcwWeb.search.AdvancedSearch.htm" type="webcontent" href="OcwWeb/search/AdvancedSearch.htm">
      <file href="OcwWeb/search/AdvancedSearch.htm" />
      <dependency identifierref="webrenderrequirements.6-828Fall2003" />
    </resource>
    <resource identifier="r_OcwWeb.jsp.feedback.jsp" type="webcontent" href="OcwWeb/jsp/feedback.jsp">
      <file href="OcwWeb/jsp/feedback.jsp" />
      <dependency identifierref="webrenderrequirements.6-828Fall2003" />
    </resource>
    <resource identifier="r_OcwWeb.Global.terms-of-use.htm" type="webcontent" href="OcwWeb/Global/terms-of-use.htm">
      <file href="OcwWeb/Global/terms-of-use.htm" />
      <file href="NR/rdonlyres/B2A8B934-D6FD-4481-A702-3C9C6E56A355/0/cc_button.jpg" />
      <file href="NR/rdonlyres/4DC35EC3-6537-40B9-9222-E4618F5108A2/0/logo_deed.gif" />
      <file href="NR/rdonlyres/88E2E3F4-BBCE-4AF2-80FC-D4CF916EFE1C/0/cc_deed_003.gif" />
      <file href="NR/rdonlyres/7723DDAB-07F6-4515-8B96-B93A687E208D/0/cc_deed_000.gif" />
      <file href="NR/rdonlyres/9653C0E3-7A8C-424F-8E7F-5F4811EF56BB/0/cc_deed_002.gif" />
      <dependency identifierref="webrenderrequirements.6-828Fall2003" />
    </resource>
    <resource identifier="r_OcwWeb.Global.privacy.htm" type="webcontent" href="OcwWeb/Global/privacy.htm">
      <file href="OcwWeb/Global/privacy.htm" />
      <dependency identifierref="webrenderrequirements.6-828Fall2003" />
    </resource>
    <resource identifier="r_OcwWeb.Global.trademarks.htm" type="webcontent" href="OcwWeb/Global/trademarks.htm">
      <file href="OcwWeb/Global/trademarks.htm" />
      <dependency identifierref="webrenderrequirements.6-828Fall2003" />
    </resource>
    <resource identifier="webrenderrequirements.6-828Fall2003" type="webcontent">
      <file href="OcwWeb/style/core.css" />
      <file href="OcwWeb/style/main.css" />
      <file href="OcwWeb/images/logo-ocw-home.gif" />
      <file href="OcwWeb/images/ocw-home.gif" />
      <file href="OcwWeb/images/course-list.gif" />
      <file href="OcwWeb/images/about-ocw.gif" />
      <file href="OcwWeb/images/help.gif" />
      <file href="OcwWeb/images/feedback.gif" />
      <file href="OcwWeb/images/button6.gif" />
      <file href="OcwWeb/images/give_now_button.jpg" />
      <file href="OcwWeb/images/redarrow.gif" />
      <file href="OcwWeb/images/whitearrow.gif" />
      <file href="OcwWeb/images/mit-logo.gif" />
      <file href="OcwWeb/images/cc_button.jpg" />
      <file href="OcwWeb/images/go.gif" />
    </resource>
  </resources>
</manifest>
