<?xml version="1.0" encoding="utf-8"?>
<lom:lom xsi:schemaLocation="http://ocw.mit.edu/xmlns/LOM http://ocw.mit.edu/xsd/LOM/lomv1.0/lomv1.0.xsd http://ocw.mit.edu/xmlns/ocwLOM http://ocw.mit.edu/xsd/ocwLOM/ocwlomv1.0/ocwlomv1.0.xsd" xmlns="http://ocw.mit.edu/xmlns/LOM" xmlns:lom="http://ocw.mit.edu/xmlns/LOM" xmlns:ocwlom="http://ocw.mit.edu/xmlns/ocwLOM" xmlns:xsi="http://www.w3.org/2001/XMLSchema-instance">
  <!--************************************************************ This LOM
			record was produced by an automatic transformation to IEEE LOM, from
			OpenCourseWare's (OCW) initial version of Learning Object Metadata (LOM). (The
			initial version was based on IMS Global Consortium's LOM.)
			********************************************************-->
		<!--***************************-->
		<!--**** GENERAL ****-->
		<!--***************************-->
		<lom:general uniqueElementName="general"><lom:title uniqueElementName="title"><lom:string language="en">Lab 6: The shell</lom:string></lom:title><lom:description><lom:string language="en"></lom:string></lom:description><lom:language>en</lom:language><lom:aggregationLevel uniqueElementName="aggregationLevel"><lom:source uniqueElementName="source">LOMv1.0</lom:source><lom:value uniqueElementName="value">2</lom:value></lom:aggregationLevel></lom:general>
		<!--***************************-->
		<!--**** LIFECYCLE ****-->
		<!--***************************-->
		<lom:lifeCycle uniqueElementName="lifeCycle"><lom:version uniqueElementName="version"><lom:string language="en">Fall 2003</lom:string></lom:version><lom:contribute><lom:role><lom:source uniqueElementName="source">OCW_LOMv1.0</lom:source><lom:value uniqueElementName="value">Author</lom:value></lom:role><lom:entity>Kaashoek, Frans, 1965- </lom:entity><lom:date uniqueElementName="date"><lom:dateTime uniqueElementName="dateTime">2006-04-25</lom:dateTime></lom:date></lom:contribute></lom:lifeCycle>
		<!--***************************-->
		<!--**** TECHNICAL ****-->
		<!--***************************-->
		<lom:technical uniqueElementName="technical"><lom:location>/NR/rdonlyres/9021C334-BF74-4186-B76B-CDFDB7B17FCC/0/lab6.pdf</lom:location><lom:format>application/pdf</lom:format><lom:otherPlatformRequirements><lom:string language="en">Adobe® Reader® software is required to view this .pdf file.</lom:string></lom:otherPlatformRequirements><lom:size>236516</lom:size><lom:requirement><lom:orComposite><lom:type uniqueElementName="type"><lom:source uniqueElementName="source">LOMv1.0</lom:source><lom:value uniqueElementName="value">browser</lom:value></lom:type><lom:name uniqueElementName="name"><lom:source uniqueElementName="source">LOMv1.0</lom:source><lom:value uniqueElementName="value">ms-internet explorer</lom:value></lom:name><lom:minimumVersion uniqueElementName="minimumVersion">5.1</lom:minimumVersion></lom:orComposite><lom:orComposite><lom:type uniqueElementName="type"><lom:source uniqueElementName="source">LOMv1.0</lom:source><lom:value uniqueElementName="value">browser</lom:value></lom:type><lom:name uniqueElementName="name"><lom:source uniqueElementName="source">LOMv1.0</lom:source><lom:value uniqueElementName="value">netscape communicator</lom:value></lom:name><lom:minimumVersion uniqueElementName="minimumVersion">4.7</lom:minimumVersion></lom:orComposite></lom:requirement></lom:technical>
		<!--***************************-->
		<!--**** EDUCATIONAL ****-->
		<!--***************************-->
		<lom:educational><lom:learningResourceType><lom:source uniqueElementName="source">LOMv1.0</lom:source><lom:value uniqueElementName="value">exercise</lom:value></lom:learningResourceType><lom:context><lom:source uniqueElementName="source">OCW_LOMv1.0</lom:source><lom:value uniqueElementName="value">Graduate</lom:value></lom:context><lom:description><lom:string language="en">Laboratory assignment.</lom:string></lom:description></lom:educational>
		<!--***************************-->
		<!--**** RIGHTS ****-->
		<!--***************************-->
		<lom:rights uniqueElementName="rights"><lom:copyrightAndOtherRestrictions uniqueElementName="copyrightAndOtherRestrictions"><lom:source uniqueElementName="source">LOMv1.0</lom:source><lom:value uniqueElementName="value">yes</lom:value></lom:copyrightAndOtherRestrictions><lom:cost><lom:source uniqueElementName="source">LOMv1.0</lom:source><lom:value uniqueElementName="value">no</lom:value></lom:cost><lom:description><lom:string language="en">This site (c) Massachusetts Institute of Technology 2003. Content within individual courses is (c) by the individual authors unless otherwise noted. The Massachusetts Institute of Technology is providing this Work (as defined below) under the terms of this Creative Commons public license ("CCPL" or "license"). The Work is protected by copyright and/or other applicable law. Any use of the work other than as authorized under this license is prohibited. By exercising any of the rights to the Work provided here, You (as defined below) accept and agree to be bound by the terms of this license. The Licensor, the Massachusetts Institute of Technology, grants You the rights contained here in consideration of Your acceptance of such terms and conditions.</lom:string></lom:description></lom:rights>
		<!--***************************-->
		<!--**** RELATION ****-->
		<!--***************************-->
		<lom:relation><lom:kind uniqueElementName="kind"><lom:source uniqueElementName="source">LOMv1.0</lom:source><lom:value uniqueElementName="value">ispartof</lom:value></lom:kind><lom:resource uniqueElementName="resource"><lom:identifier><lom:catalog uniqueElementName="catalog">OCW Master Course Number</lom:catalog><lom:entry uniqueElementName="entry">6.828 Operating System Engineering Fall 2003</lom:entry></lom:identifier><lom:description><lom:string language="en">Teaches the fundamentals of engineering operating systems. The following topics are studied in detail: virtual memory, kernel and user mode, system calls, threads, context switches, interrupts, interprocess communication, coordination of concurrent activities, and the interface between software and hardware. Most importantly, the interactions between these concepts are examined. The course is divided into two blocks; the first block introduces one operating system, UNIX® v6, in detail. The second block of lectures covers important operating systems concepts invented after UNIX® v6, which was introduced in 1976.</lom:string></lom:description></lom:resource></lom:relation>
		<!--***************************-->
		<!--**** CLASSIFICATION ****-->
		<!--***************************-->
		<lom:classification><lom:taxonPath><lom:source uniqueElementName="source"><lom:string language="en">CIP</lom:string></lom:source><lom:taxon><lom:id uniqueElementName="id">110501</lom:id><lom:entry uniqueElementName="entry"><lom:string language="en">Computer Systems Analysis/Analyst</lom:string></lom:entry></lom:taxon></lom:taxonPath><lom:taxonPath><lom:source uniqueElementName="source"><lom:string language="en">LCSH</lom:string></lom:source><lom:taxon><lom:id uniqueElementName="id">Operating systems (Computers)</lom:id></lom:taxon></lom:taxonPath><lom:keyword><lom:string language="en">operating system</lom:string></lom:keyword><lom:keyword><lom:string language="en">OS</lom:string></lom:keyword><lom:keyword><lom:string language="en">UNIX</lom:string></lom:keyword><lom:keyword><lom:string language="en">virtual memory</lom:string></lom:keyword><lom:keyword><lom:string language="en">threads</lom:string></lom:keyword><lom:keyword><lom:string language="en">context switches</lom:string></lom:keyword><lom:keyword><lom:string language="en">kernels</lom:string></lom:keyword><lom:keyword><lom:string language="en">interrupts</lom:string></lom:keyword><lom:keyword><lom:string language="en">system calls</lom:string></lom:keyword><lom:keyword><lom:string language="en">interprocess communication</lom:string></lom:keyword><lom:keyword><lom:string language="en">C</lom:string></lom:keyword><lom:keyword><lom:string language="en">x86 assembly</lom:string></lom:keyword><lom:keyword><lom:string language="en">programming</lom:string></lom:keyword><lom:keyword><lom:string language="en">computer engineering</lom:string></lom:keyword><lom:keyword><lom:string language="en">kernal mode</lom:string></lom:keyword><lom:keyword><lom:string language="en">user mode</lom:string></lom:keyword><lom:keyword><lom:string language="en">concurrent activities</lom:string></lom:keyword><lom:keyword><lom:string language="en">interfaces</lom:string></lom:keyword><lom:keyword><lom:string language="en">software/hardware interface</lom:string></lom:keyword><lom:keyword><lom:string language="en">boot loaders</lom:string></lom:keyword><lom:keyword><lom:string language="en">memory management</lom:string></lom:keyword><lom:keyword><lom:string language="en">processes switching</lom:string></lom:keyword><lom:keyword><lom:string language="en">fork</lom:string></lom:keyword><lom:keyword><lom:string language="en">IPC</lom:string></lom:keyword><lom:keyword><lom:string language="en">file systems</lom:string></lom:keyword><lom:keyword><lom:string language="en">shells</lom:string></lom:keyword><lom:keyword><lom:string language="en">Exec</lom:string></lom:keyword></lom:classification></lom:lom>