{"005e7575-c97a-d42a-9e77-9d777442a191":"/resources/mit6_828f12_lec6_notes/data.json","05febe3c-96b3-a001-d66e-1498c63ab27e":"/pages/related-resources/data.json","07553e05-6900-5a02-9d08-6d59bf9b8059":"/pages/exams/data.json","09f4f759-48eb-a768-42f0-368be826d84c":"/resources/lab3-tar/data.json","11777d72-5b5a-59b7-ffcc-5f462e5e1119":"/resources/mit6_828f12_assignment21/data.json","13576ae6-1456-273d-9f79-199052d73c1f":"/resources/mit6_828f12_assignment8/data.json","177eb051-1275-9833-dde8-3720f615d689":"/resources/mit6_828f12_lec5_handout/data.json","1fa5a4ce-8a97-61de-b154-ab3fcc584e54":"/resources/uthread/data.json","2163a081-6dfb-7fcd-3123-9430d8e9337e":"/resources/mit6_828f12_q12/data.json","30760ed4-c683-ba68-e7ca-2288c95f3450":"/resources/mit6_828f12_q09_1/data.json","307f0ae0-b4cc-51d5-db9b-3eca7c83e878":"/resources/mit6_828f12_q05_1_sol/data.json","37e96a7a-4861-7be7-ac59-f8713af3b5e6":"/pages/projects/data.json","39f93540-3012-c011-aaad-c4e636a340ad":"/resources/mit6_828f12_q02_2_sol/data.json","3b5ea647-cd1a-325d-ffef-1560df925720":"/resources/mit6_828f12_q06_2_sol/data.json","3c0a002c-25c9-4437-fbd0-a273b8659d64":"/resources/lab2-tar/data.json","3cd903cd-f79b-de7f-1a89-8216a5f06b8f":"/resources/mit6_828f12_assignment11/data.json","3def8fcd-3979-33eb-b846-fb479bdcf556":"/resources/mit6_828f12_xv6-book-rev7/data.json","40d2783c-fdfc-91e2-9794-1a046a386b6d":"/resources/lab1-tar/data.json","428c82df-3fa0-8857-8158-026f18becceb":"/resources/mit6_828f12_lab5/data.json","477797a1-9d40-9368-3d20-82c8affc2b08":"/pages/tools/data.json","4a52efef-b94f-3abf-e18f-4a53cc2b74a7":"/resources/6-828f12/data.json","4cc50138-63ff-38ab-10d3-8c6b994036f3":"/resources/mit6_828f12_lec7_notes/data.json","4e7ede28-1c1d-4b17-ead4-d34e882e54be":"/resources/mit6_828f12_assignment18/data.json","523f19c7-f2da-366b-4412-4747505b2b7d":"/pages/syllabus/data.json","568af863-ea97-0e90-bd1b-67113d33b0bc":"/resources/mit6_828f12_q08_2/data.json","59fb2d93-2e77-57e2-8c78-3892a789d27c":"/resources/mit6_828f12_lec4_handout/data.json","5bd44fa4-1a24-7e57-2382-125fc250865d":"/resources/mit6_828f12_assignment7/data.json","5c0abeee-30e6-0852-4196-56de079fa913":"/pages/assignments/data.json","61aeb500-c947-c106-349f-e64a58af954f":"/resources/mit6_828f12_lec18_notes/data.json","649aaab5-c4c0-6b5e-7ff0-ab574dd2fef1":"/resources/mit6_828f12_assignment4/data.json","680f5311-fa8f-42f0-ca8e-b6d6d9ca7853":"/resources/mit6_828f12_q04_2_sol/data.json","6976b258-b566-bd5d-ebf4-a4469cf36ed9":"/resources/mit6_828f12_lec11_notes/data.json","6d944fbc-5b6f-1609-091d-59bcfa9dea24":"/resources/pointers/data.json","6d972234-78c0-471c-c0ac-4d8dd78d3102":"/resources/mit6_828f12_q10_2_sol/data.json","6da712e0-64f0-ba32-bd76-5d6dc915b36d":"/resources/mit6_828f12_q10_1/data.json","703cd534-061a-2870-9219-5cd7b59773bc":"/resources/mit6_828f12_lec2_notes/data.json","722fff0f-4c27-ecf6-0b63-d583daf499bf":"/resources/mit6_828f12_lec10_notes/data.json","725b6508-f0cf-6d9c-a87a-57f857afa6bb":"/resources/mit6_828f12_assignment6/data.json","729a9b97-19a4-68b5-33dd-cc17cc49e7ca":"/resources/mit6_828f12_q11_2/data.json","7a8e134f-319f-1aed-0085-639498c56018":"/resources/mit6_828f12_q08_2_sol/data.json","7bd4e333-4e5a-88cd-f008-c465dd079ba4":"/resources/lab5-tar/data.json","7c076de5-eeb7-adad-5203-a5624c16ef83":"/resources/mit6_828f12_lab4/data.json","80157c7e-87fd-6aff-54e3-e1891b2c57e3":"/resources/mit6_828f12_q11_2_sol/data.json","81944991-c1b4-e492-a923-5780af0f4e44":"/resources/uthread_switch/data.json","84bedfa1-3b28-16d3-9b78-17929251461c":"/pages/study-materials/data.json","8513bdcc-f925-3ca1-eb98-252d67481db3":"/resources/mit6_828f12_lec13_notes/data.json","8570fc98-8e90-20ad-0689-a6aa380792bb":"/resources/mit6_828f12_lec22_notes/data.json","88f52c27-6432-929a-08eb-5a09a8765054":"/resources/mit6_828f12_lec1_notes/data.json","8b45a1db-9e50-23e6-08f9-59c66e319e30":"/resources/mit6_828f12_lab2/data.json","8b840ca5-1c24-0046-23bc-1b85859ce0d8":"/resources/mit6_828f12_lab1/data.json","8d5d8f8f-653f-ccaf-152d-8064474c5fe2":"/pages/labs/data.json","917eee1b-2f77-0217-ea7e-9a13541ffb6c":"/resources/mit6_828f12_q02_1_sol/data.json","918acd06-aca5-1088-ed18-7978df900929":"/pages/lecture-notes-and-readings/data.json","9576e277-7d88-ca06-2979-67f6d2f7e7c5":"/resources/mit6_828f12_q07_1_sol/data.json","97764780-6a46-45d4-d755-743a6e5c899f":"/resources/mit6_828f12_assignment9/data.json","98b1964b-e125-8543-e8df-92b6b4d6901e":"/pages/calendar/data.json","a2e93d91-869d-e761-b027-d7ed231eb6aa":"/resources/mit6_828f12_q09_1_sol/data.json","a73f5394-42c6-08df-92c8-20682fc6bbf0":"/resources/mit6_828f12_q11_1_sol/data.json","a7dd66c5-4447-7cf6-dd1f-afecc174e51f":"/resources/6-828f12-th/data.json","a83f1d0b-7b78-7d79-8801-a85e26057961":"/resources/mit6_828f12_lec17_notes/data.json","a85c374f-571e-9280-2592-4ddcb15aa777":"/resources/mit6_828f12_assignment3/data.json","a9cf893f-7083-0218-494a-54f9b265e253":"/resources/mit6_828f12_q09_2_sol/data.json","ac0415d7-b04d-fa0e-4cae-d03ddf95e45d":"/resources/lab4-tar/data.json","b07e384d-51c1-3165-c27e-98eaf089aaca":"/resources/mit6_828f12_assignment13/data.json","b18dcf57-d540-761a-664d-5f0fd480c344":"/resources/mit6_828f12_q03_2_sol/data.json","b1c907a8-45b0-ea5f-2fc2-003116463c6d":"/resources/mit6_828f12_q08_1/data.json","b4ae7369-8871-70e8-0942-6f429768b231":"/resources/mit6_828f12_assignment1/data.json","bcbee4f5-28df-075f-7432-8f4e4bf8ca0a":"/resources/mit6_828f12_q07_2_sol/data.json","bd3e8a33-ccba-1b95-bcc9-02dd6ae5ee84":"/resources/mit6_828f12_q12_sol/data.json","c0778321-1ee6-1d65-4704-8d0c45529c5c":"/resources/mit6_828f12_assignment10/data.json","c15d3c54-44a9-45a4-ba0f-7b34a3f08c0b":"/resources/mit6_828f12_assignment2/data.json","c34ee127-dcb4-2c58-4d0b-8e23cb532b9d":"/resources/mit6_828f12_lec8_notes/data.json","c49eb637-8738-6204-7771-54c775ae9e00":"/resources/barrier/data.json","c53b9870-eba9-1d89-fe3a-3e125e62d6b2":"/resources/big/data.json","c64423ee-4f7c-b70c-4f77-88675a5320c2":"/resources/ph/data.json","c8ad06a0-12a0-496a-43c3-041d96be90f1":"/resources/mit6_828f12_q10_2/data.json","c970013f-3d11-1195-7086-77da463ee917":"/resources/mit6_828f12_q06_1_sol/data.json","cb5a68a0-1e69-1f39-e330-65be15d7522f":"/resources/sh/data.json","ce1a6d8b-57c9-f696-dcf3-2020a1e832e4":"/resources/mit6_828f12_q09_2/data.json","cebc01eb-5441-2d0e-bf2d-d3402e17f4c1":"/resources/mit6_828f12_q10_1_sol/data.json","d3112ca6-cba5-cb4a-41d2-4a9de34e3b55":"/resources/mit6_828f12_q05_2_sol/data.json","d3fd2385-4be9-5985-fec9-d1f86d4b84d4":"/resources/mit6_828f12_lec4_notes/data.json","d509495c-8761-94ea-562e-86a7a70f4932":"/resources/mit6_828f12_assignment5/data.json","d5f27426-1488-04c2-3010-be61a49667d7":"/resources/mit6_828f12_lec9_notes/data.json","d8d03983-cf03-1d08-000a-c92e1ddc395e":"/resources/mit6_828f12_lec21_notes/data.json","dccce9be-65c1-ba7f-80a5-bb0c6d585ca7":"/resources/mit6_828f12_xv6-sourc-rev7/data.json","e7b40385-e816-74a4-6376-8696f1378aa5":"/resources/mit6_828f12_q08_1_sol/data.json","e8b9f6d5-98ae-e782-396f-8ba5f5807f6b":"/resources/mit6_828f12_lab3/data.json","ecc911a7-b40e-9bab-b1c0-2f9e8ae37e1b":"/resources/mit6_828f12_lec3_notes/data.json","ecf6bfac-948d-7186-d354-d80c29c8a64e":"/resources/mit6_828f12_q03_1_sol/data.json","edf17924-77f6-2cd4-dc7a-9d7059995fb5":"/resources/mit6_828f12_assignment22/data.json","ee17988a-b885-f439-0c29-64ce9a8291a8":"/resources/mit6_828f12_q04_1_sol/data.json","f68fc801-8653-a15b-7921-c9076a314ef6":"/resources/mit6_828f12_inode/data.json","f69dc55b-35df-e9d5-e083-ab15d443a906":"/resources/mit6_828f12_lec5_notes/data.json","fa11211d-7d4b-ad00-8fd3-7580844d9be4":"/resources/mit6_828f12_q11_1/data.json"}