<?xml version="1.0" encoding="UTF-8"?>
<manifest identifier="urn_edu.mit.ocw_6-828Fall-2006" version="2007-03-16T00:18:52" cwsp:packageType="Course" xml:base="6-828Fall-2006/" xmlns="http://www.imsglobal.org/xsd/imscp_v1p1" xmlns:xsi="http://www.w3.org/2001/XMLSchema-instance" xmlns:adlcp="http://www.adlnet.org/xsd/adlcp_rootv1p2" xmlns:cwsp="http://www.dspace.org/xmlns/cwspace_imscp" xmlns:ocw="http://ocw.mit.edu/xmlns/ocw_imscp" xmlns:lom="http://ocw.mit.edu/xmlns/LOM" xsi:schemaLocation="http://www.imsglobal.org/xsd/imscp_v1p1 http://www.imsglobal.org/xsd/imscp_v1p1.xsd 	http://www.adlnet.org/xsd/adlcp_rootv1p2 http://www.adlnet.org/xsd/adlcp_rootv1p2.xsd http://www.dspace.org/xmlns/cwspace_imscp http://www.dspace.org/xsd/cwspace_imscp/version10/cwspace_imscpv10.xsd http://ocw.mit.edu/xmlns/ocw_imscp http://ocw.mit.edu/xsd/ocw_imscp/version10/ocw_imscpv10.xsd http://ocw.mit.edu/xmlns/LOM http://ocw.mit.edu/xsd/LOM/lomv1.0/lomv1.0.xsd">
  <metadata>
    <schema>IMS Content</schema>
    <schemaversion>1.1</schemaversion>
    <cwsp:packageMetadata>
      <cwsp:sourceSystem>OCW</cwsp:sourceSystem>
      <cwsp:profile>CWSpace</cwsp:profile>
      <cwsp:profileVersion>0.1</cwsp:profileVersion>
    </cwsp:packageMetadata>
    <lom:general uniqueElementName="general">
      <lom:title uniqueElementName="title">
        <lom:string language="en">Operating System Engineering</lom:string>
      </lom:title>
      <lom:identifier>
        <lom:catalog uniqueElementName="catalog">OCW Master Course Number</lom:catalog>
        <lom:entry uniqueElementName="entry">6.828</lom:entry>
      </lom:identifier>
    </lom:general>
    <lom:lifecycle uniqueElementName="lifeCycle">
      <lom:version uniqueElementName="version">
        <lom:string language="en">Fall 2006</lom:string>
      </lom:version>
      <lom:contribute>
        <lom:role>
          <lom:source uniqueElementName="source">OCW_LOMv1.0</lom:source>
          <lom:value uniqueElementName="value">Author</lom:value>
        </lom:role>
        <lom:entity>Kaashoek, Frans</lom:entity>
        <lom:date uniqueElementName="date">
          <lom:dateTime uniqueElementName="dateTime">2007-03-14</lom:dateTime>
        </lom:date>
      </lom:contribute>
    </lom:lifecycle>
    <adlcp:location>OcwWeb/Electrical-Engineering-and-Computer-Science/6-828Fall-2006/CourseHome.xml</adlcp:location>
  </metadata>
  <organizations default="ocw_6-828Fall-2006">
    <organization identifier="ocw_6-828Fall-2006">
      <title>Operating System Engineering</title>
      <item identifier="i_6-828Fall-2006.CourseHome" identifierref="r_OcwWeb.Electrical-Engineering-and-Computer-Science.6-828Fall-2006.CourseHome.index.htm" ocw:sectionTemplateType="CourseHomePage" ocw:sectionTemplateVersion="2007-03-14">
        <title>Operating System Engineering</title>
        <item identifier="i_6-828Fall-2006.CourseHome.chp_athenascreen.jpg" identifierref="r_NR.rdonlyres.Electrical-Engineering-and-Computer-Science.6-828Fall-2006.2BCF1175-FE65-408A-91DA-FEB7B8C92D1E.0.chp_athenascreen.jpg">
          <title>Sun Solaris 9 Operating System on an MIT Athena Workstation</title>
        </item>
      </item>
      <item identifier="i_6-828Fall-2006.Syllabus" identifierref="r_OcwWeb.Electrical-Engineering-and-Computer-Science.6-828Fall-2006.Syllabus.index.htm" ocw:sectionTemplateType="GenericOther" ocw:sectionTemplateVersion="2007-03-14">
        <title>Syllabus</title>
      </item>
      <item identifier="i_6-828Fall-2006.Calendar" identifierref="r_OcwWeb.Electrical-Engineering-and-Computer-Science.6-828Fall-2006.Calendar.index.htm" ocw:sectionTemplateType="GenericOther" ocw:sectionTemplateVersion="2007-03-14">
        <title>Calendar</title>
      </item>
      <item identifier="i_6-828Fall-2006.Readings" identifierref="r_OcwWeb.Electrical-Engineering-and-Computer-Science.6-828Fall-2006.Readings.index.htm" ocw:sectionTemplateType="GenericOther" ocw:sectionTemplateVersion="2007-03-14">
        <title>Readings</title>
        <item identifier="i_6-828Fall-2006.Readings.xv6.pdf" identifierref="r_NR.rdonlyres.Electrical-Engineering-and-Computer-Science.6-828Fall-2006.0F98823D-985C-45D1-8FF9-93D1DE993332.0.xv6.pdf">
          <title>xv6.pdf</title>
        </item>
      </item>
      <item identifier="i_6-828Fall-2006.LectureNotes" identifierref="r_OcwWeb.Electrical-Engineering-and-Computer-Science.6-828Fall-2006.LectureNotes.index.htm" ocw:sectionTemplateType="GenericOther" ocw:sectionTemplateVersion="2007-03-14">
        <title>Lecture Notes</title>
        <item identifier="i_6-828Fall-2006.LectureNotes.l1.pdf" identifierref="r_NR.rdonlyres.Electrical-Engineering-and-Computer-Science.6-828Fall-2006.069CE7A9-C03F-4CE1-9A71-D842E12A6689.0.l1.pdf">
          <title>OS Overview</title>
        </item>
        <item identifier="i_6-828Fall-2006.LectureNotes.l2.pdf" identifierref="r_NR.rdonlyres.Electrical-Engineering-and-Computer-Science.6-828Fall-2006.9B92FFBC-BA35-468E-971D-F7D6D0BB34DC.0.l2.pdf">
          <title>6.828 Lecture Notes: x86 and PC Architecture</title>
        </item>
        <item identifier="i_6-828Fall-2006.LectureNotes.l3.pdf" identifierref="r_NR.rdonlyres.Electrical-Engineering-and-Computer-Science.6-828Fall-2006.115A1B63-EC95-46AE-8D96-ABC533B9240B.0.l3.pdf">
          <title>Operating System Organizaton</title>
        </item>
        <item identifier="i_6-828Fall-2006.LectureNotes.l4.pdf" identifierref="r_NR.rdonlyres.Electrical-Engineering-and-Computer-Science.6-828Fall-2006.5C733C6D-3C83-4E7D-A957-BCB631355550.0.l4.pdf">
          <title>Address Translation and Sharing using Segments</title>
        </item>
        <item identifier="i_6-828Fall-2006.LectureNotes.l5.pdf" identifierref="r_NR.rdonlyres.Electrical-Engineering-and-Computer-Science.6-828Fall-2006.56109C83-D595-4C81-BA2A-D457A510C00B.0.l5.pdf">
          <title>l5.pdf</title>
        </item>
        <item identifier="i_6-828Fall-2006.LectureNotes.l6_interrupt.pdf" identifierref="r_NR.rdonlyres.Electrical-Engineering-and-Computer-Science.6-828Fall-2006.22208501-1563-4F2C-A71F-34711B55DC45.0.l6_interrupt.pdf">
          <title>Interrupts &amp;amp; Exceptions</title>
        </item>
        <item identifier="i_6-828Fall-2006.LectureNotes.l7_lock.pdf" identifierref="r_NR.rdonlyres.Electrical-Engineering-and-Computer-Science.6-828Fall-2006.326B16B7-EF93-4CF0-83DE-F84F4B23E510.0.l7_lock.pdf">
          <title>Locking</title>
        </item>
        <item identifier="i_6-828Fall-2006.LectureNotes.l8_threads.pdf" identifierref="r_NR.rdonlyres.Electrical-Engineering-and-Computer-Science.6-828Fall-2006.64A29121-96CE-4FB8-BD4E-B8CA1B956F6D.0.l8_threads.pdf">
          <title>Threads, Processes, and Context Switching</title>
        </item>
        <item identifier="i_6-828Fall-2006.LectureNotes.l9_coordination.pdf" identifierref="r_NR.rdonlyres.Electrical-Engineering-and-Computer-Science.6-828Fall-2006.98DB1F8C-B9C9-483D-BC5D-764A8983DFDB.0.l9_coordination.pdf">
          <title>Coordination and more Processes</title>
        </item>
        <item identifier="i_6-828Fall-2006.LectureNotes.l10_fs.pdf" identifierref="r_NR.rdonlyres.Electrical-Engineering-and-Computer-Science.6-828Fall-2006.141FD5D8-5A71-4EA5-BDA4-7CF87806363C.0.l10_fs.pdf">
          <title>File Systems</title>
        </item>
        <item identifier="i_6-828Fall-2006.LectureNotes.l11_name.pdf" identifierref="r_NR.rdonlyres.Electrical-Engineering-and-Computer-Science.6-828Fall-2006.497EC494-4272-4640-ABD4-A79D824DCBCC.0.l11_name.pdf">
          <title>Naming in File Systems</title>
        </item>
        <item identifier="i_6-828Fall-2006.LectureNotes.l12.pdf" identifierref="r_NR.rdonlyres.Electrical-Engineering-and-Computer-Science.6-828Fall-2006.7082F7F3-2B04-4653-B77A-2F4B0DCDACE4.0.l12.pdf">
          <title>High-performance File Systems</title>
        </item>
        <item identifier="i_6-828Fall-2006.LectureNotes.l13.pdf" identifierref="r_NR.rdonlyres.Electrical-Engineering-and-Computer-Science.6-828Fall-2006.A8E1932F-071F-46DF-B2D9-0F254E4E34D9.0.l13.pdf">
          <title>Operating System Engineering, l13.pdf</title>
        </item>
        <item identifier="i_6-828Fall-2006.LectureNotes.l14_plan9.pdf" identifierref="r_NR.rdonlyres.Electrical-Engineering-and-Computer-Science.6-828Fall-2006.53D624FE-78E1-4A3E-B857-5F9ACF71A178.0.l14_plan9.pdf">
          <title>Plan 9</title>
        </item>
        <item identifier="i_6-828Fall-2006.LectureNotes.l15_mkernel.pdf" identifierref="r_NR.rdonlyres.Electrical-Engineering-and-Computer-Science.6-828Fall-2006.39AE8B70-D49E-45B6-AF89-7BFD79F47786.0.l15_mkernel.pdf">
          <title>Microkernels</title>
        </item>
        <item identifier="i_6-828Fall-2006.LectureNotes.l16_vm.pdf" identifierref="r_NR.rdonlyres.Electrical-Engineering-and-Computer-Science.6-828Fall-2006.91D7DCB2-4B6F-4BF1-A5A4-E8AFE5266B81.0.l16_vm.pdf">
          <title>Virtual Machines</title>
        </item>
        <item identifier="i_6-828Fall-2006.LectureNotes.l17_schedule.pdf" identifierref="r_NR.rdonlyres.Electrical-Engineering-and-Computer-Science.6-828Fall-2006.AEC3B7E8-C53F-4DDE-8737-2B35B51BDB85.0.l17_schedule.pdf">
          <title>Scheduling</title>
        </item>
        <item identifier="i_6-828Fall-2006.LectureNotes.l18_scalablecoord.pdf" identifierref="r_NR.rdonlyres.Electrical-Engineering-and-Computer-Science.6-828Fall-2006.DBD0E209-E9B7-467B-A527-72537C1697E0.0.l18_scalablecoord.pdf">
          <title>Scalable Coordination</title>
        </item>
        <item identifier="i_6-828Fall-2006.LectureNotes.l19.pdf" identifierref="r_NR.rdonlyres.Electrical-Engineering-and-Computer-Science.6-828Fall-2006.796AA142-1C42-4730-BFD5-AE1AA3536757.0.l19.pdf">
          <title>Operating System Engineering, l19.pdf</title>
        </item>
        <item identifier="i_6-828Fall-2006.LectureNotes.l20_okws.pdf" identifierref="r_NR.rdonlyres.Electrical-Engineering-and-Computer-Science.6-828Fall-2006.600817CF-F068-4141-B035-339D3CBF1CF5.0.l20_okws.pdf">
          <title>Operating System Engineering, l20_okws.pdf</title>
        </item>
        <item identifier="i_6-828Fall-2006.LectureNotes.l21_xfi.pdf" identifierref="r_NR.rdonlyres.Electrical-Engineering-and-Computer-Science.6-828Fall-2006.4AB2886B-5DCE-4D8D-B5C4-A52F3C783534.0.l21_xfi.pdf">
          <title>XFI</title>
        </item>
        <item identifier="i_6-828Fall-2006.LectureNotes.l22_bugs.pdf" identifierref="r_NR.rdonlyres.Electrical-Engineering-and-Computer-Science.6-828Fall-2006.0C13666D-F691-43FF-951F-D56BE546B4F8.0.l22_bugs.pdf">
          <title>OS Bugs</title>
        </item>
      </item>
      <item identifier="i_6-828Fall-2006.Labs" identifierref="r_OcwWeb.Electrical-Engineering-and-Computer-Science.6-828Fall-2006.Labs.index.htm" ocw:sectionTemplateType="GenericOther" ocw:sectionTemplateVersion="2007-03-14">
        <title>Labs</title>
        <item identifier="i_6-828Fall-2006.Labs.lab1.pdf" identifierref="r_NR.rdonlyres.Electrical-Engineering-and-Computer-Science.6-828Fall-2006.F460B4C7-C224-400D-9052-1B3BFB0AD0D9.0.lab1.pdf">
          <title>6.828 Fall 2006 Lab 1: Booting a PC</title>
        </item>
        <item identifier="i_6-828Fall-2006.Labs.lab1handout.gz" identifierref="r_NR.rdonlyres.Electrical-Engineering-and-Computer-Science.6-828Fall-2006.9EFA4C22-66C7-4389-9627-BB456A864070.0.lab1handout.gz">
          <title>lab1-handout.gz</title>
        </item>
        <item identifier="i_6-828Fall-2006.Labs.lab2.pdf" identifierref="r_NR.rdonlyres.Electrical-Engineering-and-Computer-Science.6-828Fall-2006.0FBBA6EB-0F75-4EA8-A7CC-72522EF3F69D.0.lab2.pdf">
          <title>6.828 Fall 2006 Lab 2: Memory Management</title>
        </item>
        <item identifier="i_6-828Fall-2006.Labs.lab2handout.gz" identifierref="r_NR.rdonlyres.Electrical-Engineering-and-Computer-Science.6-828Fall-2006.3C684159-848B-46CB-A661-56D2F2362481.0.lab2handout.gz">
          <title>lab2-handout.gz</title>
        </item>
        <item identifier="i_6-828Fall-2006.Labs.lab3.pdf" identifierref="r_NR.rdonlyres.Electrical-Engineering-and-Computer-Science.6-828Fall-2006.AD96994E-1A14-40BF-9CB6-0E683FA21FC7.0.lab3.pdf">
          <title>6.828 Fall 2006 Lab 3: User Environments</title>
        </item>
        <item identifier="i_6-828Fall-2006.Labs.lab3handout.gz" identifierref="r_NR.rdonlyres.Electrical-Engineering-and-Computer-Science.6-828Fall-2006.77E65327-C8AB-4764-990C-556776986A37.0.lab3handout.gz">
          <title>lab3-handout.gz</title>
        </item>
        <item identifier="i_6-828Fall-2006.Labs.lab4.pdf" identifierref="r_NR.rdonlyres.Electrical-Engineering-and-Computer-Science.6-828Fall-2006.D09A3A74-6D7E-472E-8277-7FA5BB53D903.0.lab4.pdf">
          <title>6.828 Fall 2006 Lab 4: Preemptive Multitasking</title>
        </item>
        <item identifier="i_6-828Fall-2006.Labs.lab4handout.gz" identifierref="r_NR.rdonlyres.Electrical-Engineering-and-Computer-Science.6-828Fall-2006.94C3328F-0FC2-448C-B353-D41A2265EA4B.0.lab4handout.gz">
          <title>lab4-handout.gz</title>
        </item>
        <item identifier="i_6-828Fall-2006.Labs.lab5.pdf" identifierref="r_NR.rdonlyres.Electrical-Engineering-and-Computer-Science.6-828Fall-2006.69286B3E-D5C8-45D7-85C4-CFE96B094BEE.0.lab5.pdf">
          <title>6.828 Fall 2006 Lab 5: File Systems and Spawn</title>
        </item>
        <item identifier="i_6-828Fall-2006.Labs.lab5handout.gz" identifierref="r_NR.rdonlyres.Electrical-Engineering-and-Computer-Science.6-828Fall-2006.7466EEC1-0A49-4755-9D0B-9168C3C1CEFF.0.lab5handout.gz">
          <title>lab5-handout.gz</title>
        </item>
        <item identifier="i_6-828Fall-2006.Labs.lab6.pdf" identifierref="r_NR.rdonlyres.Electrical-Engineering-and-Computer-Science.6-828Fall-2006.92A997AB-3759-4BDB-A375-02E94ADC6B97.0.lab6.pdf">
          <title>6.828 Fall 2006 Lab 6: The Shell</title>
        </item>
        <item identifier="i_6-828Fall-2006.Labs.lab6handout.gz" identifierref="r_NR.rdonlyres.Electrical-Engineering-and-Computer-Science.6-828Fall-2006.5D476AD6-9271-46EE-8157-9D91BB00AB8A.0.lab6handout.gz">
          <title>lab6-handout.gz</title>
        </item>
      </item>
      <item identifier="i_6-828Fall-2006.Assignments" identifierref="r_OcwWeb.Electrical-Engineering-and-Computer-Science.6-828Fall-2006.Assignments.index.htm" ocw:sectionTemplateType="GenericOther" ocw:sectionTemplateVersion="2007-03-14">
        <title>Assignments</title>
        <item identifier="i_6-828Fall-2006.Assignments.xv6_rev0.zip" identifierref="r_NR.rdonlyres.Electrical-Engineering-and-Computer-Science.6-828Fall-2006.5ACD4BD6-D5FE-44EF-96E8-1240F1A1026B.0.xv6_rev0.zip">
          <title>xv6_rev0.zip</title>
        </item>
        <item identifier="i_6-828Fall-2006.Assignments.xv6.pdf" identifierref="r_NR.rdonlyres.Electrical-Engineering-and-Computer-Science.6-828Fall-2006.AE656AC4-E252-4BA4-86A7-3BC825D40188.0.xv6.pdf">
          <title>xv6.pdf</title>
        </item>
        <item identifier="i_6-828Fall-2006.Assignments.hw2_x86_intro.pdf" identifierref="r_NR.rdonlyres.Electrical-Engineering-and-Computer-Science.6-828Fall-2006.62C50CF1-4551-4EC6-A74D-D16D5CECCC67.0.hw2_x86_intro.pdf">
          <title>Homework: Intro to x86 and PC</title>
        </item>
        <item identifier="i_6-828Fall-2006.Assignments.hw3_exok.pdf" identifierref="r_NR.rdonlyres.Electrical-Engineering-and-Computer-Science.6-828Fall-2006.952E0989-432C-4A3A-BCD9-8D4AA463316E.0.hw3_exok.pdf">
          <title>Homework: OS Organization</title>
        </item>
        <item identifier="i_6-828Fall-2006.Assignments.hw4_xv6_intro.pdf" identifierref="r_NR.rdonlyres.Electrical-Engineering-and-Computer-Science.6-828Fall-2006.40791F95-1084-4525-A595-73CF7823FF4F.0.hw4_xv6_intro.pdf">
          <title>Homework: Intro to xv6</title>
        </item>
        <item identifier="i_6-828Fall-2006.Assignments.hw5_x86_mmu.pdf" identifierref="r_NR.rdonlyres.Electrical-Engineering-and-Computer-Science.6-828Fall-2006.19EAFC3E-88DD-47A8-B383-CC64F2C5FDD0.0.hw5_x86_mmu.pdf">
          <title>Homework: x86 MMU</title>
        </item>
        <item identifier="i_6-828Fall-2006.Assignments.hw6_x86_intr.pdf" identifierref="r_NR.rdonlyres.Electrical-Engineering-and-Computer-Science.6-828Fall-2006.DCD370D6-1071-49BA-8CBD-61F27666150E.0.hw6_x86_intr.pdf">
          <title>Homework: xv6 and Interrupts and Exceptions</title>
        </item>
        <item identifier="i_6-828Fall-2006.Assignments.hw7_xv6_lock.pdf" identifierref="r_NR.rdonlyres.Electrical-Engineering-and-Computer-Science.6-828Fall-2006.BBC7F748-C265-4CB6-BBC1-B34E350ACAD9.0.hw7_xv6_lock.pdf">
          <title>Homework: Locking</title>
        </item>
        <item identifier="i_6-828Fall-2006.Assignments.hw8_xv6_sched.pdf" identifierref="r_NR.rdonlyres.Electrical-Engineering-and-Computer-Science.6-828Fall-2006.C230EDE0-B239-4A99-85EF-C6195F1F6329.0.hw8_xv6_sched.pdf">
          <title>Homework: Threads and Context Switching</title>
        </item>
        <item identifier="i_6-828Fall-2006.Assignments.hw9_xv6_sleep.pdf" identifierref="r_NR.rdonlyres.Electrical-Engineering-and-Computer-Science.6-828Fall-2006.DC951E25-4237-42B6-98BA-47B5FD3DF2D2.0.hw9_xv6_sleep.pdf">
          <title>Homework: Sleep and Wakeup</title>
        </item>
        <item identifier="i_6-828Fall-2006.Assignments.hw10_xv6_disk.pdf" identifierref="r_NR.rdonlyres.Electrical-Engineering-and-Computer-Science.6-828Fall-2006.2E2D113A-BF00-43D6-B562-734AAC2EA81F.0.hw10_xv6_disk.pdf">
          <title>Homework: Files and Disk I/O</title>
        </item>
        <item identifier="i_6-828Fall-2006.Assignments.hw11_xv6_names.pdf" identifierref="r_NR.rdonlyres.Electrical-Engineering-and-Computer-Science.6-828Fall-2006.3FDD8C1D-76DE-4FB7-8BD5-CC10A8402FF1.0.hw11_xv6_names.pdf">
          <title>Homework: Naming</title>
        </item>
        <item identifier="i_6-828Fall-2006.Assignments.hw12_softupdates.pdf" identifierref="r_NR.rdonlyres.Electrical-Engineering-and-Computer-Science.6-828Fall-2006.149AB557-D670-4318-BBA5-2642E20646F0.0.hw12_softupdates.pdf">
          <title>Homework: Reliable Files and Directories</title>
        </item>
        <item identifier="i_6-828Fall-2006.Assignments.hw13_plan9.pdf" identifierref="r_NR.rdonlyres.Electrical-Engineering-and-Computer-Science.6-828Fall-2006.2C7956E5-47C3-48B1-87F9-E1405581007B.0.hw13_plan9.pdf">
          <title>Homework: The Plan 9 OS</title>
        </item>
        <item identifier="i_6-828Fall-2006.Assignments.hw14_l4.pdf" identifierref="r_NR.rdonlyres.Electrical-Engineering-and-Computer-Science.6-828Fall-2006.BF6D2A95-8961-4BBF-B370-BB4773D9F28F.0.hw14_l4.pdf">
          <title>Homework: Microkernels</title>
        </item>
        <item identifier="i_6-828Fall-2006.Assignments.hw15_disco.pdf" identifierref="r_NR.rdonlyres.Electrical-Engineering-and-Computer-Science.6-828Fall-2006.B8208DEC-A580-4EDF-B478-A73CC805697B.0.hw15_disco.pdf">
          <title>Homework: Disco</title>
        </item>
        <item identifier="i_6-828Fall-2006.Assignments.hw17_livelock.pdf" identifierref="r_NR.rdonlyres.Electrical-Engineering-and-Computer-Science.6-828Fall-2006.B58AB1C1-A606-41F5-81E2-F141C6DAA38E.0.hw17_livelock.pdf">
          <title>Receive Livelock</title>
        </item>
        <item identifier="i_6-828Fall-2006.Assignments.hw18_scalablesync.pdf" identifierref="r_NR.rdonlyres.Electrical-Engineering-and-Computer-Science.6-828Fall-2006.4D075858-0C9F-49B0-90C0-23E2FE4F2429.0.hw18_scalablesync.pdf">
          <title>Homework: Multiprocessor Synchronization</title>
        </item>
        <item identifier="i_6-828Fall-2006.Assignments.hw19_shell.pdf" identifierref="r_NR.rdonlyres.Electrical-Engineering-and-Computer-Science.6-828Fall-2006.B89D214A-6614-4AAA-8D1E-009D7A033F55.0.hw19_shell.pdf">
          <title>Homework: Shells</title>
        </item>
        <item identifier="i_6-828Fall-2006.Assignments.hw20_okws.pdf" identifierref="r_NR.rdonlyres.Electrical-Engineering-and-Computer-Science.6-828Fall-2006.9B385EEC-C402-4E65-BBC2-DB6116B6CF2A.0.hw20_okws.pdf">
          <title>hw20_okws.pdf</title>
        </item>
        <item identifier="i_6-828Fall-2006.Assignments.hw21_xfi.pdf" identifierref="r_NR.rdonlyres.Electrical-Engineering-and-Computer-Science.6-828Fall-2006.4D1E9FCA-CECE-4F21-AA81-69CEC9A9EB78.0.hw21_xfi.pdf">
          <title>hw21_xfi.pdf</title>
        </item>
        <item identifier="i_6-828Fall-2006.Assignments.hw22_osbugs.pdf" identifierref="r_NR.rdonlyres.Electrical-Engineering-and-Computer-Science.6-828Fall-2006.43EA3901-BF07-4BE6-BF96-FEC8579E2D08.0.hw22_osbugs.pdf">
          <title>hw22_osbugs.pdf</title>
        </item>
      </item>
      <item identifier="i_6-828Fall-2006.Exams" identifierref="r_OcwWeb.Electrical-Engineering-and-Computer-Science.6-828Fall-2006.Exams.index.htm" ocw:sectionTemplateType="GenericOther" ocw:sectionTemplateVersion="2007-03-14">
        <title>Exams</title>
        <item identifier="i_6-828Fall-2006.Exams.q1_fall02_sol.pdf" identifierref="r_NR.rdonlyres.Electrical-Engineering-and-Computer-Science.6-828Fall-2006.0BCEA580-FB2A-4117-A93D-A268840CE4F7.0.q1_fall02_sol.pdf">
          <title>Quiz I</title>
        </item>
        <item identifier="i_6-828Fall-2006.Exams.q1_fall03_sol.pdf" identifierref="r_NR.rdonlyres.Electrical-Engineering-and-Computer-Science.6-828Fall-2006.CAB84C0B-0565-4A61-A6C2-49A109271207.0.q1_fall03_sol.pdf">
          <title>Quiz I Solutions</title>
        </item>
        <item identifier="i_6-828Fall-2006.Exams.q1_fall04_sol.pdf" identifierref="r_NR.rdonlyres.Electrical-Engineering-and-Computer-Science.6-828Fall-2006.868FCA46-1D61-45B0-A8DD-413D00727320.0.q1_fall04_sol.pdf">
          <title>Quiz I Solutions</title>
        </item>
        <item identifier="i_6-828Fall-2006.Exams.q1_fall05_sol.pdf" identifierref="r_NR.rdonlyres.Electrical-Engineering-and-Computer-Science.6-828Fall-2006.EB24133D-1D1D-4DD9-B78D-8F4AEA22E5A5.0.q1_fall05_sol.pdf">
          <title>Operating System Engineering, q1_fall05_sol.pdf</title>
        </item>
        <item identifier="i_6-828Fall-2006.Exams.q1_fall06_sol.pdf" identifierref="r_NR.rdonlyres.Electrical-Engineering-and-Computer-Science.6-828Fall-2006.C9968902-A39F-45C0-98B0-C7CFC36D5ED4.0.q1_fall06_sol.pdf">
          <title>Operating System Engineering, q1_fall06_sol.pdf</title>
        </item>
        <item identifier="i_6-828Fall-2006.Exams.q2_fall02_sol.pdf" identifierref="r_NR.rdonlyres.Electrical-Engineering-and-Computer-Science.6-828Fall-2006.F9D9850F-3199-4020-AB8D-44DCA220F9A9.0.q2_fall02_sol.pdf">
          <title>Operating System Engineering, q2_fall02_sol.pdf</title>
        </item>
        <item identifier="i_6-828Fall-2006.Exams.q2_fall03_sol.pdf" identifierref="r_NR.rdonlyres.Electrical-Engineering-and-Computer-Science.6-828Fall-2006.36B19378-A1BD-44EA-B5D4-E88FA0F8D028.0.q2_fall03_sol.pdf">
          <title>Operating System Engineering, q2_fall03_sol.pdf</title>
        </item>
        <item identifier="i_6-828Fall-2006.Exams.q2_fall05_sol.pdf" identifierref="r_NR.rdonlyres.Electrical-Engineering-and-Computer-Science.6-828Fall-2006.1F470BC1-E146-4FC3-8BD4-C053C9C37964.0.q2_fall05_sol.pdf">
          <title>Operating System Engineering, q2_fall05_sol.pdf</title>
        </item>
        <item identifier="i_6-828Fall-2006.Exams.q2_fall06_sol.pdf" identifierref="r_NR.rdonlyres.Electrical-Engineering-and-Computer-Science.6-828Fall-2006.8BC4C1DE-A62A-4BDE-AEFE-C915A6B3274E.0.q2_fall06_sol.pdf">
          <title>q2_fall06_sol.pdf</title>
        </item>
      </item>
      <item identifier="i_6-828Fall-2006.Tools" identifierref="r_OcwWeb.Electrical-Engineering-and-Computer-Science.6-828Fall-2006.Tools.index.htm" ocw:sectionTemplateType="GenericOther" ocw:sectionTemplateVersion="2007-03-14">
        <title>Tools</title>
      </item>
      <item identifier="i_6-828Fall-2006.DownloadthisCourse" identifierref="r_OcwWeb.Electrical-Engineering-and-Computer-Science.6-828Fall-2006.DownloadthisCourse.index.htm" ocw:sectionTemplateType="DownloadPage" ocw:sectionTemplateVersion="2007-03-14">
        <title>Download this Course</title>
      </item>
      <item identifier="i_6-828Fall-2006.RelatedResources" identifierref="r_OcwWeb.Electrical-Engineering-and-Computer-Science.6-828Fall-2006.RelatedResources.index.htm" ocw:sectionTemplateType="GenericOther" ocw:sectionTemplateVersion="2007-03-14">
        <title>Related Resources</title>
      </item>
      <item identifier="i_OcwWeb.Global.terms-of-use.htm" identifierref="r_OcwWeb.Global.terms-of-use.htm">
        <title>Legal Notices</title>
      </item>
      <item identifier="i_OcwWeb.Global.privacy.htm" identifierref="r_OcwWeb.Global.privacy.htm">
        <title>Privacy Statement</title>
      </item>
      <item identifier="i_OcwWeb.Global.trademarks.htm" identifierref="r_OcwWeb.Global.trademarks.htm">
        <title>Trademark Notices</title>
      </item>
    </organization>
  </organizations>
  <resources>
    <resource identifier="r_OcwWeb.Electrical-Engineering-and-Computer-Science.6-828Fall-2006.CourseHome.index.htm" type="webcontent" href="OcwWeb/Electrical-Engineering-and-Computer-Science/6-828Fall-2006/CourseHome/index.htm">
      <metadata>
        <adlcp:location>OcwWeb/Electrical-Engineering-and-Computer-Science/6-828Fall-2006/CourseHome.xml</adlcp:location>
      </metadata>
      <file href="OcwWeb/Electrical-Engineering-and-Computer-Science/6-828Fall-2006/CourseHome/index.htm" />
      <dependency identifierref="webrenderrequirements.6-828Fall-2006" />
      <dependency identifierref="r_NR.rdonlyres.Electrical-Engineering-and-Computer-Science.6-828Fall-2006.2BCF1175-FE65-408A-91DA-FEB7B8C92D1E.0.chp_athenascreen.jpg" />
    </resource>
    <resource identifier="r_NR.rdonlyres.Electrical-Engineering-and-Computer-Science.6-828Fall-2006.2BCF1175-FE65-408A-91DA-FEB7B8C92D1E.0.chp_athenascreen.jpg" type="other">
      <metadata>
        <adlcp:location>OcwWeb/Electrical-Engineering-and-Computer-Science/6-828Fall-2006/chp_athenascreen.jpg.xml</adlcp:location>
      </metadata>
      <file href="NR/rdonlyres/Electrical-Engineering-and-Computer-Science/6-828Fall-2006/2BCF1175-FE65-408A-91DA-FEB7B8C92D1E/0/chp_athenascreen.jpg" />
    </resource>
    <resource identifier="r_OcwWeb.Electrical-Engineering-and-Computer-Science.6-828Fall-2006.Syllabus.index.htm" type="webcontent" href="OcwWeb/Electrical-Engineering-and-Computer-Science/6-828Fall-2006/Syllabus/index.htm">
      <metadata>
        <adlcp:location>OcwWeb/Electrical-Engineering-and-Computer-Science/6-828Fall-2006/Syllabus.xml</adlcp:location>
      </metadata>
      <file href="OcwWeb/Electrical-Engineering-and-Computer-Science/6-828Fall-2006/Syllabus/index.htm" />
      <dependency identifierref="webrenderrequirements.6-828Fall-2006" />
    </resource>
    <resource identifier="r_OcwWeb.Electrical-Engineering-and-Computer-Science.6-828Fall-2006.Calendar.index.htm" type="webcontent" href="OcwWeb/Electrical-Engineering-and-Computer-Science/6-828Fall-2006/Calendar/index.htm">
      <metadata>
        <adlcp:location>OcwWeb/Electrical-Engineering-and-Computer-Science/6-828Fall-2006/Calendar.xml</adlcp:location>
      </metadata>
      <file href="OcwWeb/Electrical-Engineering-and-Computer-Science/6-828Fall-2006/Calendar/index.htm" />
      <dependency identifierref="webrenderrequirements.6-828Fall-2006" />
    </resource>
    <resource identifier="r_OcwWeb.Electrical-Engineering-and-Computer-Science.6-828Fall-2006.Readings.index.htm" type="webcontent" href="OcwWeb/Electrical-Engineering-and-Computer-Science/6-828Fall-2006/Readings/index.htm">
      <metadata>
        <adlcp:location>OcwWeb/Electrical-Engineering-and-Computer-Science/6-828Fall-2006/Readings.xml</adlcp:location>
      </metadata>
      <file href="OcwWeb/Electrical-Engineering-and-Computer-Science/6-828Fall-2006/Readings/index.htm" />
      <dependency identifierref="webrenderrequirements.6-828Fall-2006" />
    </resource>
    <resource identifier="r_NR.rdonlyres.Electrical-Engineering-and-Computer-Science.6-828Fall-2006.0F98823D-985C-45D1-8FF9-93D1DE993332.0.xv6.pdf" type="other">
      <metadata>
        <adlcp:location>OcwWeb/Electrical-Engineering-and-Computer-Science/6-828Fall-2006/xv6.pdf.xml</adlcp:location>
      </metadata>
      <file href="NR/rdonlyres/Electrical-Engineering-and-Computer-Science/6-828Fall-2006/0F98823D-985C-45D1-8FF9-93D1DE993332/0/xv6.pdf" />
    </resource>
    <resource identifier="r_OcwWeb.Electrical-Engineering-and-Computer-Science.6-828Fall-2006.LectureNotes.index.htm" type="webcontent" href="OcwWeb/Electrical-Engineering-and-Computer-Science/6-828Fall-2006/LectureNotes/index.htm">
      <metadata>
        <adlcp:location>OcwWeb/Electrical-Engineering-and-Computer-Science/6-828Fall-2006/LectureNotes.xml</adlcp:location>
      </metadata>
      <file href="OcwWeb/Electrical-Engineering-and-Computer-Science/6-828Fall-2006/LectureNotes/index.htm" />
      <dependency identifierref="webrenderrequirements.6-828Fall-2006" />
    </resource>
    <resource identifier="r_NR.rdonlyres.Electrical-Engineering-and-Computer-Science.6-828Fall-2006.069CE7A9-C03F-4CE1-9A71-D842E12A6689.0.l1.pdf" type="other">
      <metadata>
        <adlcp:location>OcwWeb/Electrical-Engineering-and-Computer-Science/6-828Fall-2006/l1.pdf.xml</adlcp:location>
      </metadata>
      <file href="NR/rdonlyres/Electrical-Engineering-and-Computer-Science/6-828Fall-2006/069CE7A9-C03F-4CE1-9A71-D842E12A6689/0/l1.pdf" />
    </resource>
    <resource identifier="r_NR.rdonlyres.Electrical-Engineering-and-Computer-Science.6-828Fall-2006.9B92FFBC-BA35-468E-971D-F7D6D0BB34DC.0.l2.pdf" type="other">
      <metadata>
        <adlcp:location>OcwWeb/Electrical-Engineering-and-Computer-Science/6-828Fall-2006/l2.pdf.xml</adlcp:location>
      </metadata>
      <file href="NR/rdonlyres/Electrical-Engineering-and-Computer-Science/6-828Fall-2006/9B92FFBC-BA35-468E-971D-F7D6D0BB34DC/0/l2.pdf" />
    </resource>
    <resource identifier="r_NR.rdonlyres.Electrical-Engineering-and-Computer-Science.6-828Fall-2006.115A1B63-EC95-46AE-8D96-ABC533B9240B.0.l3.pdf" type="other">
      <metadata>
        <adlcp:location>OcwWeb/Electrical-Engineering-and-Computer-Science/6-828Fall-2006/l3.pdf.xml</adlcp:location>
      </metadata>
      <file href="NR/rdonlyres/Electrical-Engineering-and-Computer-Science/6-828Fall-2006/115A1B63-EC95-46AE-8D96-ABC533B9240B/0/l3.pdf" />
    </resource>
    <resource identifier="r_NR.rdonlyres.Electrical-Engineering-and-Computer-Science.6-828Fall-2006.5C733C6D-3C83-4E7D-A957-BCB631355550.0.l4.pdf" type="other">
      <metadata>
        <adlcp:location>OcwWeb/Electrical-Engineering-and-Computer-Science/6-828Fall-2006/l4.pdf.xml</adlcp:location>
      </metadata>
      <file href="NR/rdonlyres/Electrical-Engineering-and-Computer-Science/6-828Fall-2006/5C733C6D-3C83-4E7D-A957-BCB631355550/0/l4.pdf" />
    </resource>
    <resource identifier="r_NR.rdonlyres.Electrical-Engineering-and-Computer-Science.6-828Fall-2006.56109C83-D595-4C81-BA2A-D457A510C00B.0.l5.pdf" type="other">
      <metadata>
        <adlcp:location>OcwWeb/Electrical-Engineering-and-Computer-Science/6-828Fall-2006/l5.pdf.xml</adlcp:location>
      </metadata>
      <file href="NR/rdonlyres/Electrical-Engineering-and-Computer-Science/6-828Fall-2006/56109C83-D595-4C81-BA2A-D457A510C00B/0/l5.pdf" />
    </resource>
    <resource identifier="r_NR.rdonlyres.Electrical-Engineering-and-Computer-Science.6-828Fall-2006.22208501-1563-4F2C-A71F-34711B55DC45.0.l6_interrupt.pdf" type="other">
      <metadata>
        <adlcp:location>OcwWeb/Electrical-Engineering-and-Computer-Science/6-828Fall-2006/l6_interrupt.pdf.xml</adlcp:location>
      </metadata>
      <file href="NR/rdonlyres/Electrical-Engineering-and-Computer-Science/6-828Fall-2006/22208501-1563-4F2C-A71F-34711B55DC45/0/l6_interrupt.pdf" />
    </resource>
    <resource identifier="r_NR.rdonlyres.Electrical-Engineering-and-Computer-Science.6-828Fall-2006.326B16B7-EF93-4CF0-83DE-F84F4B23E510.0.l7_lock.pdf" type="other">
      <metadata>
        <adlcp:location>OcwWeb/Electrical-Engineering-and-Computer-Science/6-828Fall-2006/l7_lock.pdf.xml</adlcp:location>
      </metadata>
      <file href="NR/rdonlyres/Electrical-Engineering-and-Computer-Science/6-828Fall-2006/326B16B7-EF93-4CF0-83DE-F84F4B23E510/0/l7_lock.pdf" />
    </resource>
    <resource identifier="r_NR.rdonlyres.Electrical-Engineering-and-Computer-Science.6-828Fall-2006.64A29121-96CE-4FB8-BD4E-B8CA1B956F6D.0.l8_threads.pdf" type="other">
      <metadata>
        <adlcp:location>OcwWeb/Electrical-Engineering-and-Computer-Science/6-828Fall-2006/l8_threads.pdf.xml</adlcp:location>
      </metadata>
      <file href="NR/rdonlyres/Electrical-Engineering-and-Computer-Science/6-828Fall-2006/64A29121-96CE-4FB8-BD4E-B8CA1B956F6D/0/l8_threads.pdf" />
    </resource>
    <resource identifier="r_NR.rdonlyres.Electrical-Engineering-and-Computer-Science.6-828Fall-2006.98DB1F8C-B9C9-483D-BC5D-764A8983DFDB.0.l9_coordination.pdf" type="other">
      <metadata>
        <adlcp:location>OcwWeb/Electrical-Engineering-and-Computer-Science/6-828Fall-2006/l9_coordination.pdf.xml</adlcp:location>
      </metadata>
      <file href="NR/rdonlyres/Electrical-Engineering-and-Computer-Science/6-828Fall-2006/98DB1F8C-B9C9-483D-BC5D-764A8983DFDB/0/l9_coordination.pdf" />
    </resource>
    <resource identifier="r_NR.rdonlyres.Electrical-Engineering-and-Computer-Science.6-828Fall-2006.141FD5D8-5A71-4EA5-BDA4-7CF87806363C.0.l10_fs.pdf" type="other">
      <metadata>
        <adlcp:location>OcwWeb/Electrical-Engineering-and-Computer-Science/6-828Fall-2006/l10_fs.pdf.xml</adlcp:location>
      </metadata>
      <file href="NR/rdonlyres/Electrical-Engineering-and-Computer-Science/6-828Fall-2006/141FD5D8-5A71-4EA5-BDA4-7CF87806363C/0/l10_fs.pdf" />
    </resource>
    <resource identifier="r_NR.rdonlyres.Electrical-Engineering-and-Computer-Science.6-828Fall-2006.497EC494-4272-4640-ABD4-A79D824DCBCC.0.l11_name.pdf" type="other">
      <metadata>
        <adlcp:location>OcwWeb/Electrical-Engineering-and-Computer-Science/6-828Fall-2006/l11_name.pdf.xml</adlcp:location>
      </metadata>
      <file href="NR/rdonlyres/Electrical-Engineering-and-Computer-Science/6-828Fall-2006/497EC494-4272-4640-ABD4-A79D824DCBCC/0/l11_name.pdf" />
    </resource>
    <resource identifier="r_NR.rdonlyres.Electrical-Engineering-and-Computer-Science.6-828Fall-2006.7082F7F3-2B04-4653-B77A-2F4B0DCDACE4.0.l12.pdf" type="other">
      <metadata>
        <adlcp:location>OcwWeb/Electrical-Engineering-and-Computer-Science/6-828Fall-2006/l12.pdf.xml</adlcp:location>
      </metadata>
      <file href="NR/rdonlyres/Electrical-Engineering-and-Computer-Science/6-828Fall-2006/7082F7F3-2B04-4653-B77A-2F4B0DCDACE4/0/l12.pdf" />
    </resource>
    <resource identifier="r_NR.rdonlyres.Electrical-Engineering-and-Computer-Science.6-828Fall-2006.A8E1932F-071F-46DF-B2D9-0F254E4E34D9.0.l13.pdf" type="other">
      <metadata>
        <adlcp:location>OcwWeb/Electrical-Engineering-and-Computer-Science/6-828Fall-2006/l13.pdf.xml</adlcp:location>
      </metadata>
      <file href="NR/rdonlyres/Electrical-Engineering-and-Computer-Science/6-828Fall-2006/A8E1932F-071F-46DF-B2D9-0F254E4E34D9/0/l13.pdf" />
    </resource>
    <resource identifier="r_NR.rdonlyres.Electrical-Engineering-and-Computer-Science.6-828Fall-2006.53D624FE-78E1-4A3E-B857-5F9ACF71A178.0.l14_plan9.pdf" type="other">
      <metadata>
        <adlcp:location>OcwWeb/Electrical-Engineering-and-Computer-Science/6-828Fall-2006/l14_plan9.pdf.xml</adlcp:location>
      </metadata>
      <file href="NR/rdonlyres/Electrical-Engineering-and-Computer-Science/6-828Fall-2006/53D624FE-78E1-4A3E-B857-5F9ACF71A178/0/l14_plan9.pdf" />
    </resource>
    <resource identifier="r_NR.rdonlyres.Electrical-Engineering-and-Computer-Science.6-828Fall-2006.39AE8B70-D49E-45B6-AF89-7BFD79F47786.0.l15_mkernel.pdf" type="other">
      <metadata>
        <adlcp:location>OcwWeb/Electrical-Engineering-and-Computer-Science/6-828Fall-2006/l15_mkernel.pdf.xml</adlcp:location>
      </metadata>
      <file href="NR/rdonlyres/Electrical-Engineering-and-Computer-Science/6-828Fall-2006/39AE8B70-D49E-45B6-AF89-7BFD79F47786/0/l15_mkernel.pdf" />
    </resource>
    <resource identifier="r_NR.rdonlyres.Electrical-Engineering-and-Computer-Science.6-828Fall-2006.91D7DCB2-4B6F-4BF1-A5A4-E8AFE5266B81.0.l16_vm.pdf" type="other">
      <metadata>
        <adlcp:location>OcwWeb/Electrical-Engineering-and-Computer-Science/6-828Fall-2006/l16_vm.pdf.xml</adlcp:location>
      </metadata>
      <file href="NR/rdonlyres/Electrical-Engineering-and-Computer-Science/6-828Fall-2006/91D7DCB2-4B6F-4BF1-A5A4-E8AFE5266B81/0/l16_vm.pdf" />
    </resource>
    <resource identifier="r_NR.rdonlyres.Electrical-Engineering-and-Computer-Science.6-828Fall-2006.AEC3B7E8-C53F-4DDE-8737-2B35B51BDB85.0.l17_schedule.pdf" type="other">
      <metadata>
        <adlcp:location>OcwWeb/Electrical-Engineering-and-Computer-Science/6-828Fall-2006/l17_schedule.pdf.xml</adlcp:location>
      </metadata>
      <file href="NR/rdonlyres/Electrical-Engineering-and-Computer-Science/6-828Fall-2006/AEC3B7E8-C53F-4DDE-8737-2B35B51BDB85/0/l17_schedule.pdf" />
    </resource>
    <resource identifier="r_NR.rdonlyres.Electrical-Engineering-and-Computer-Science.6-828Fall-2006.DBD0E209-E9B7-467B-A527-72537C1697E0.0.l18_scalablecoord.pdf" type="other">
      <metadata>
        <adlcp:location>OcwWeb/Electrical-Engineering-and-Computer-Science/6-828Fall-2006/l18_scalablecoord.pdf.xml</adlcp:location>
      </metadata>
      <file href="NR/rdonlyres/Electrical-Engineering-and-Computer-Science/6-828Fall-2006/DBD0E209-E9B7-467B-A527-72537C1697E0/0/l18_scalablecoord.pdf" />
    </resource>
    <resource identifier="r_NR.rdonlyres.Electrical-Engineering-and-Computer-Science.6-828Fall-2006.796AA142-1C42-4730-BFD5-AE1AA3536757.0.l19.pdf" type="other">
      <metadata>
        <adlcp:location>OcwWeb/Electrical-Engineering-and-Computer-Science/6-828Fall-2006/l19.pdf.xml</adlcp:location>
      </metadata>
      <file href="NR/rdonlyres/Electrical-Engineering-and-Computer-Science/6-828Fall-2006/796AA142-1C42-4730-BFD5-AE1AA3536757/0/l19.pdf" />
    </resource>
    <resource identifier="r_NR.rdonlyres.Electrical-Engineering-and-Computer-Science.6-828Fall-2006.600817CF-F068-4141-B035-339D3CBF1CF5.0.l20_okws.pdf" type="other">
      <metadata>
        <adlcp:location>OcwWeb/Electrical-Engineering-and-Computer-Science/6-828Fall-2006/l20_okws.pdf.xml</adlcp:location>
      </metadata>
      <file href="NR/rdonlyres/Electrical-Engineering-and-Computer-Science/6-828Fall-2006/600817CF-F068-4141-B035-339D3CBF1CF5/0/l20_okws.pdf" />
    </resource>
    <resource identifier="r_NR.rdonlyres.Electrical-Engineering-and-Computer-Science.6-828Fall-2006.4AB2886B-5DCE-4D8D-B5C4-A52F3C783534.0.l21_xfi.pdf" type="other">
      <metadata>
        <adlcp:location>OcwWeb/Electrical-Engineering-and-Computer-Science/6-828Fall-2006/l21_xfi.pdf.xml</adlcp:location>
      </metadata>
      <file href="NR/rdonlyres/Electrical-Engineering-and-Computer-Science/6-828Fall-2006/4AB2886B-5DCE-4D8D-B5C4-A52F3C783534/0/l21_xfi.pdf" />
    </resource>
    <resource identifier="r_NR.rdonlyres.Electrical-Engineering-and-Computer-Science.6-828Fall-2006.0C13666D-F691-43FF-951F-D56BE546B4F8.0.l22_bugs.pdf" type="other">
      <metadata>
        <adlcp:location>OcwWeb/Electrical-Engineering-and-Computer-Science/6-828Fall-2006/l22_bugs.pdf.xml</adlcp:location>
      </metadata>
      <file href="NR/rdonlyres/Electrical-Engineering-and-Computer-Science/6-828Fall-2006/0C13666D-F691-43FF-951F-D56BE546B4F8/0/l22_bugs.pdf" />
    </resource>
    <resource identifier="r_OcwWeb.Electrical-Engineering-and-Computer-Science.6-828Fall-2006.Labs.index.htm" type="webcontent" href="OcwWeb/Electrical-Engineering-and-Computer-Science/6-828Fall-2006/Labs/index.htm">
      <metadata>
        <adlcp:location>OcwWeb/Electrical-Engineering-and-Computer-Science/6-828Fall-2006/Labs.xml</adlcp:location>
      </metadata>
      <file href="OcwWeb/Electrical-Engineering-and-Computer-Science/6-828Fall-2006/Labs/index.htm" />
      <dependency identifierref="webrenderrequirements.6-828Fall-2006" />
    </resource>
    <resource identifier="r_NR.rdonlyres.Electrical-Engineering-and-Computer-Science.6-828Fall-2006.F460B4C7-C224-400D-9052-1B3BFB0AD0D9.0.lab1.pdf" type="other">
      <metadata>
        <adlcp:location>OcwWeb/Electrical-Engineering-and-Computer-Science/6-828Fall-2006/lab1.pdf.xml</adlcp:location>
      </metadata>
      <file href="NR/rdonlyres/Electrical-Engineering-and-Computer-Science/6-828Fall-2006/F460B4C7-C224-400D-9052-1B3BFB0AD0D9/0/lab1.pdf" />
    </resource>
    <resource identifier="r_NR.rdonlyres.Electrical-Engineering-and-Computer-Science.6-828Fall-2006.9EFA4C22-66C7-4389-9627-BB456A864070.0.lab1handout.gz" type="other">
      <metadata>
        <adlcp:location>OcwWeb/Electrical-Engineering-and-Computer-Science/6-828Fall-2006/lab1-handout.gz.xml</adlcp:location>
      </metadata>
      <file href="NR/rdonlyres/Electrical-Engineering-and-Computer-Science/6-828Fall-2006/9EFA4C22-66C7-4389-9627-BB456A864070/0/lab1handout.gz" />
    </resource>
    <resource identifier="r_NR.rdonlyres.Electrical-Engineering-and-Computer-Science.6-828Fall-2006.0FBBA6EB-0F75-4EA8-A7CC-72522EF3F69D.0.lab2.pdf" type="other">
      <metadata>
        <adlcp:location>OcwWeb/Electrical-Engineering-and-Computer-Science/6-828Fall-2006/lab2.pdf.xml</adlcp:location>
      </metadata>
      <file href="NR/rdonlyres/Electrical-Engineering-and-Computer-Science/6-828Fall-2006/0FBBA6EB-0F75-4EA8-A7CC-72522EF3F69D/0/lab2.pdf" />
    </resource>
    <resource identifier="r_NR.rdonlyres.Electrical-Engineering-and-Computer-Science.6-828Fall-2006.3C684159-848B-46CB-A661-56D2F2362481.0.lab2handout.gz" type="other">
      <metadata>
        <adlcp:location>OcwWeb/Electrical-Engineering-and-Computer-Science/6-828Fall-2006/lab2-handout.gz.xml</adlcp:location>
      </metadata>
      <file href="NR/rdonlyres/Electrical-Engineering-and-Computer-Science/6-828Fall-2006/3C684159-848B-46CB-A661-56D2F2362481/0/lab2handout.gz" />
    </resource>
    <resource identifier="r_NR.rdonlyres.Electrical-Engineering-and-Computer-Science.6-828Fall-2006.AD96994E-1A14-40BF-9CB6-0E683FA21FC7.0.lab3.pdf" type="other">
      <metadata>
        <adlcp:location>OcwWeb/Electrical-Engineering-and-Computer-Science/6-828Fall-2006/lab3.pdf.xml</adlcp:location>
      </metadata>
      <file href="NR/rdonlyres/Electrical-Engineering-and-Computer-Science/6-828Fall-2006/AD96994E-1A14-40BF-9CB6-0E683FA21FC7/0/lab3.pdf" />
    </resource>
    <resource identifier="r_NR.rdonlyres.Electrical-Engineering-and-Computer-Science.6-828Fall-2006.77E65327-C8AB-4764-990C-556776986A37.0.lab3handout.gz" type="other">
      <metadata>
        <adlcp:location>OcwWeb/Electrical-Engineering-and-Computer-Science/6-828Fall-2006/lab3-handout.gz.xml</adlcp:location>
      </metadata>
      <file href="NR/rdonlyres/Electrical-Engineering-and-Computer-Science/6-828Fall-2006/77E65327-C8AB-4764-990C-556776986A37/0/lab3handout.gz" />
    </resource>
    <resource identifier="r_NR.rdonlyres.Electrical-Engineering-and-Computer-Science.6-828Fall-2006.D09A3A74-6D7E-472E-8277-7FA5BB53D903.0.lab4.pdf" type="other">
      <metadata>
        <adlcp:location>OcwWeb/Electrical-Engineering-and-Computer-Science/6-828Fall-2006/lab4.pdf.xml</adlcp:location>
      </metadata>
      <file href="NR/rdonlyres/Electrical-Engineering-and-Computer-Science/6-828Fall-2006/D09A3A74-6D7E-472E-8277-7FA5BB53D903/0/lab4.pdf" />
    </resource>
    <resource identifier="r_NR.rdonlyres.Electrical-Engineering-and-Computer-Science.6-828Fall-2006.94C3328F-0FC2-448C-B353-D41A2265EA4B.0.lab4handout.gz" type="other">
      <metadata>
        <adlcp:location>OcwWeb/Electrical-Engineering-and-Computer-Science/6-828Fall-2006/lab4-handout.gz.xml</adlcp:location>
      </metadata>
      <file href="NR/rdonlyres/Electrical-Engineering-and-Computer-Science/6-828Fall-2006/94C3328F-0FC2-448C-B353-D41A2265EA4B/0/lab4handout.gz" />
    </resource>
    <resource identifier="r_NR.rdonlyres.Electrical-Engineering-and-Computer-Science.6-828Fall-2006.69286B3E-D5C8-45D7-85C4-CFE96B094BEE.0.lab5.pdf" type="other">
      <metadata>
        <adlcp:location>OcwWeb/Electrical-Engineering-and-Computer-Science/6-828Fall-2006/lab5.pdf.xml</adlcp:location>
      </metadata>
      <file href="NR/rdonlyres/Electrical-Engineering-and-Computer-Science/6-828Fall-2006/69286B3E-D5C8-45D7-85C4-CFE96B094BEE/0/lab5.pdf" />
    </resource>
    <resource identifier="r_NR.rdonlyres.Electrical-Engineering-and-Computer-Science.6-828Fall-2006.7466EEC1-0A49-4755-9D0B-9168C3C1CEFF.0.lab5handout.gz" type="other">
      <metadata>
        <adlcp:location>OcwWeb/Electrical-Engineering-and-Computer-Science/6-828Fall-2006/lab5-handout.gz.xml</adlcp:location>
      </metadata>
      <file href="NR/rdonlyres/Electrical-Engineering-and-Computer-Science/6-828Fall-2006/7466EEC1-0A49-4755-9D0B-9168C3C1CEFF/0/lab5handout.gz" />
    </resource>
    <resource identifier="r_NR.rdonlyres.Electrical-Engineering-and-Computer-Science.6-828Fall-2006.92A997AB-3759-4BDB-A375-02E94ADC6B97.0.lab6.pdf" type="other">
      <metadata>
        <adlcp:location>OcwWeb/Electrical-Engineering-and-Computer-Science/6-828Fall-2006/lab6.pdf.xml</adlcp:location>
      </metadata>
      <file href="NR/rdonlyres/Electrical-Engineering-and-Computer-Science/6-828Fall-2006/92A997AB-3759-4BDB-A375-02E94ADC6B97/0/lab6.pdf" />
    </resource>
    <resource identifier="r_NR.rdonlyres.Electrical-Engineering-and-Computer-Science.6-828Fall-2006.5D476AD6-9271-46EE-8157-9D91BB00AB8A.0.lab6handout.gz" type="other">
      <metadata>
        <adlcp:location>OcwWeb/Electrical-Engineering-and-Computer-Science/6-828Fall-2006/lab6-handout.gz.xml</adlcp:location>
      </metadata>
      <file href="NR/rdonlyres/Electrical-Engineering-and-Computer-Science/6-828Fall-2006/5D476AD6-9271-46EE-8157-9D91BB00AB8A/0/lab6handout.gz" />
    </resource>
    <resource identifier="r_OcwWeb.Electrical-Engineering-and-Computer-Science.6-828Fall-2006.Assignments.index.htm" type="webcontent" href="OcwWeb/Electrical-Engineering-and-Computer-Science/6-828Fall-2006/Assignments/index.htm">
      <metadata>
        <adlcp:location>OcwWeb/Electrical-Engineering-and-Computer-Science/6-828Fall-2006/Assignments.xml</adlcp:location>
      </metadata>
      <file href="OcwWeb/Electrical-Engineering-and-Computer-Science/6-828Fall-2006/Assignments/index.htm" />
      <dependency identifierref="webrenderrequirements.6-828Fall-2006" />
    </resource>
    <resource identifier="r_NR.rdonlyres.Electrical-Engineering-and-Computer-Science.6-828Fall-2006.5ACD4BD6-D5FE-44EF-96E8-1240F1A1026B.0.xv6_rev0.zip" type="other">
      <metadata>
        <adlcp:location>OcwWeb/Electrical-Engineering-and-Computer-Science/6-828Fall-2006/xv6_rev0.zip.xml</adlcp:location>
      </metadata>
      <file href="NR/rdonlyres/Electrical-Engineering-and-Computer-Science/6-828Fall-2006/5ACD4BD6-D5FE-44EF-96E8-1240F1A1026B/0/xv6_rev0.zip" />
    </resource>
    <resource identifier="r_NR.rdonlyres.Electrical-Engineering-and-Computer-Science.6-828Fall-2006.AE656AC4-E252-4BA4-86A7-3BC825D40188.0.xv6.pdf" type="other">
      <metadata>
        <adlcp:location>OcwWeb/Electrical-Engineering-and-Computer-Science/6-828Fall-2006/xv6.pdf.xml</adlcp:location>
      </metadata>
      <file href="NR/rdonlyres/Electrical-Engineering-and-Computer-Science/6-828Fall-2006/AE656AC4-E252-4BA4-86A7-3BC825D40188/0/xv6.pdf" />
    </resource>
    <resource identifier="r_NR.rdonlyres.Electrical-Engineering-and-Computer-Science.6-828Fall-2006.62C50CF1-4551-4EC6-A74D-D16D5CECCC67.0.hw2_x86_intro.pdf" type="other">
      <metadata>
        <adlcp:location>OcwWeb/Electrical-Engineering-and-Computer-Science/6-828Fall-2006/hw2_x86_intro.pdf.xml</adlcp:location>
      </metadata>
      <file href="NR/rdonlyres/Electrical-Engineering-and-Computer-Science/6-828Fall-2006/62C50CF1-4551-4EC6-A74D-D16D5CECCC67/0/hw2_x86_intro.pdf" />
    </resource>
    <resource identifier="r_NR.rdonlyres.Electrical-Engineering-and-Computer-Science.6-828Fall-2006.952E0989-432C-4A3A-BCD9-8D4AA463316E.0.hw3_exok.pdf" type="other">
      <metadata>
        <adlcp:location>OcwWeb/Electrical-Engineering-and-Computer-Science/6-828Fall-2006/hw3_exok.pdf.xml</adlcp:location>
      </metadata>
      <file href="NR/rdonlyres/Electrical-Engineering-and-Computer-Science/6-828Fall-2006/952E0989-432C-4A3A-BCD9-8D4AA463316E/0/hw3_exok.pdf" />
    </resource>
    <resource identifier="r_NR.rdonlyres.Electrical-Engineering-and-Computer-Science.6-828Fall-2006.40791F95-1084-4525-A595-73CF7823FF4F.0.hw4_xv6_intro.pdf" type="other">
      <metadata>
        <adlcp:location>OcwWeb/Electrical-Engineering-and-Computer-Science/6-828Fall-2006/hw4_xv6_intro.pdf.xml</adlcp:location>
      </metadata>
      <file href="NR/rdonlyres/Electrical-Engineering-and-Computer-Science/6-828Fall-2006/40791F95-1084-4525-A595-73CF7823FF4F/0/hw4_xv6_intro.pdf" />
    </resource>
    <resource identifier="r_NR.rdonlyres.Electrical-Engineering-and-Computer-Science.6-828Fall-2006.19EAFC3E-88DD-47A8-B383-CC64F2C5FDD0.0.hw5_x86_mmu.pdf" type="other">
      <metadata>
        <adlcp:location>OcwWeb/Electrical-Engineering-and-Computer-Science/6-828Fall-2006/hw5_x86_mmu.pdf.xml</adlcp:location>
      </metadata>
      <file href="NR/rdonlyres/Electrical-Engineering-and-Computer-Science/6-828Fall-2006/19EAFC3E-88DD-47A8-B383-CC64F2C5FDD0/0/hw5_x86_mmu.pdf" />
    </resource>
    <resource identifier="r_NR.rdonlyres.Electrical-Engineering-and-Computer-Science.6-828Fall-2006.DCD370D6-1071-49BA-8CBD-61F27666150E.0.hw6_x86_intr.pdf" type="other">
      <metadata>
        <adlcp:location>OcwWeb/Electrical-Engineering-and-Computer-Science/6-828Fall-2006/hw6_x86_intr.pdf.xml</adlcp:location>
      </metadata>
      <file href="NR/rdonlyres/Electrical-Engineering-and-Computer-Science/6-828Fall-2006/DCD370D6-1071-49BA-8CBD-61F27666150E/0/hw6_x86_intr.pdf" />
    </resource>
    <resource identifier="r_NR.rdonlyres.Electrical-Engineering-and-Computer-Science.6-828Fall-2006.BBC7F748-C265-4CB6-BBC1-B34E350ACAD9.0.hw7_xv6_lock.pdf" type="other">
      <metadata>
        <adlcp:location>OcwWeb/Electrical-Engineering-and-Computer-Science/6-828Fall-2006/hw7_xv6_lock.pdf.xml</adlcp:location>
      </metadata>
      <file href="NR/rdonlyres/Electrical-Engineering-and-Computer-Science/6-828Fall-2006/BBC7F748-C265-4CB6-BBC1-B34E350ACAD9/0/hw7_xv6_lock.pdf" />
    </resource>
    <resource identifier="r_NR.rdonlyres.Electrical-Engineering-and-Computer-Science.6-828Fall-2006.C230EDE0-B239-4A99-85EF-C6195F1F6329.0.hw8_xv6_sched.pdf" type="other">
      <metadata>
        <adlcp:location>OcwWeb/Electrical-Engineering-and-Computer-Science/6-828Fall-2006/hw8_xv6_sched.pdf.xml</adlcp:location>
      </metadata>
      <file href="NR/rdonlyres/Electrical-Engineering-and-Computer-Science/6-828Fall-2006/C230EDE0-B239-4A99-85EF-C6195F1F6329/0/hw8_xv6_sched.pdf" />
    </resource>
    <resource identifier="r_NR.rdonlyres.Electrical-Engineering-and-Computer-Science.6-828Fall-2006.DC951E25-4237-42B6-98BA-47B5FD3DF2D2.0.hw9_xv6_sleep.pdf" type="other">
      <metadata>
        <adlcp:location>OcwWeb/Electrical-Engineering-and-Computer-Science/6-828Fall-2006/hw9_xv6_sleep.pdf.xml</adlcp:location>
      </metadata>
      <file href="NR/rdonlyres/Electrical-Engineering-and-Computer-Science/6-828Fall-2006/DC951E25-4237-42B6-98BA-47B5FD3DF2D2/0/hw9_xv6_sleep.pdf" />
    </resource>
    <resource identifier="r_NR.rdonlyres.Electrical-Engineering-and-Computer-Science.6-828Fall-2006.2E2D113A-BF00-43D6-B562-734AAC2EA81F.0.hw10_xv6_disk.pdf" type="other">
      <metadata>
        <adlcp:location>OcwWeb/Electrical-Engineering-and-Computer-Science/6-828Fall-2006/hw10_xv6_disk.pdf.xml</adlcp:location>
      </metadata>
      <file href="NR/rdonlyres/Electrical-Engineering-and-Computer-Science/6-828Fall-2006/2E2D113A-BF00-43D6-B562-734AAC2EA81F/0/hw10_xv6_disk.pdf" />
    </resource>
    <resource identifier="r_NR.rdonlyres.Electrical-Engineering-and-Computer-Science.6-828Fall-2006.3FDD8C1D-76DE-4FB7-8BD5-CC10A8402FF1.0.hw11_xv6_names.pdf" type="other">
      <metadata>
        <adlcp:location>OcwWeb/Electrical-Engineering-and-Computer-Science/6-828Fall-2006/hw11_xv6_names.pdf.xml</adlcp:location>
      </metadata>
      <file href="NR/rdonlyres/Electrical-Engineering-and-Computer-Science/6-828Fall-2006/3FDD8C1D-76DE-4FB7-8BD5-CC10A8402FF1/0/hw11_xv6_names.pdf" />
    </resource>
    <resource identifier="r_NR.rdonlyres.Electrical-Engineering-and-Computer-Science.6-828Fall-2006.149AB557-D670-4318-BBA5-2642E20646F0.0.hw12_softupdates.pdf" type="other">
      <metadata>
        <adlcp:location>OcwWeb/Electrical-Engineering-and-Computer-Science/6-828Fall-2006/hw12_softupdates.pdf.xml</adlcp:location>
      </metadata>
      <file href="NR/rdonlyres/Electrical-Engineering-and-Computer-Science/6-828Fall-2006/149AB557-D670-4318-BBA5-2642E20646F0/0/hw12_softupdates.pdf" />
    </resource>
    <resource identifier="r_NR.rdonlyres.Electrical-Engineering-and-Computer-Science.6-828Fall-2006.2C7956E5-47C3-48B1-87F9-E1405581007B.0.hw13_plan9.pdf" type="other">
      <metadata>
        <adlcp:location>OcwWeb/Electrical-Engineering-and-Computer-Science/6-828Fall-2006/hw13_plan9.pdf.xml</adlcp:location>
      </metadata>
      <file href="NR/rdonlyres/Electrical-Engineering-and-Computer-Science/6-828Fall-2006/2C7956E5-47C3-48B1-87F9-E1405581007B/0/hw13_plan9.pdf" />
    </resource>
    <resource identifier="r_NR.rdonlyres.Electrical-Engineering-and-Computer-Science.6-828Fall-2006.BF6D2A95-8961-4BBF-B370-BB4773D9F28F.0.hw14_l4.pdf" type="other">
      <metadata>
        <adlcp:location>OcwWeb/Electrical-Engineering-and-Computer-Science/6-828Fall-2006/hw14_l4.pdf.xml</adlcp:location>
      </metadata>
      <file href="NR/rdonlyres/Electrical-Engineering-and-Computer-Science/6-828Fall-2006/BF6D2A95-8961-4BBF-B370-BB4773D9F28F/0/hw14_l4.pdf" />
    </resource>
    <resource identifier="r_NR.rdonlyres.Electrical-Engineering-and-Computer-Science.6-828Fall-2006.B8208DEC-A580-4EDF-B478-A73CC805697B.0.hw15_disco.pdf" type="other">
      <metadata>
        <adlcp:location>OcwWeb/Electrical-Engineering-and-Computer-Science/6-828Fall-2006/hw15_disco.pdf.xml</adlcp:location>
      </metadata>
      <file href="NR/rdonlyres/Electrical-Engineering-and-Computer-Science/6-828Fall-2006/B8208DEC-A580-4EDF-B478-A73CC805697B/0/hw15_disco.pdf" />
    </resource>
    <resource identifier="r_NR.rdonlyres.Electrical-Engineering-and-Computer-Science.6-828Fall-2006.B58AB1C1-A606-41F5-81E2-F141C6DAA38E.0.hw17_livelock.pdf" type="other">
      <metadata>
        <adlcp:location>OcwWeb/Electrical-Engineering-and-Computer-Science/6-828Fall-2006/hw17_livelock.pdf.xml</adlcp:location>
      </metadata>
      <file href="NR/rdonlyres/Electrical-Engineering-and-Computer-Science/6-828Fall-2006/B58AB1C1-A606-41F5-81E2-F141C6DAA38E/0/hw17_livelock.pdf" />
    </resource>
    <resource identifier="r_NR.rdonlyres.Electrical-Engineering-and-Computer-Science.6-828Fall-2006.4D075858-0C9F-49B0-90C0-23E2FE4F2429.0.hw18_scalablesync.pdf" type="other">
      <metadata>
        <adlcp:location>OcwWeb/Electrical-Engineering-and-Computer-Science/6-828Fall-2006/hw18_scalablesync.pdf.xml</adlcp:location>
      </metadata>
      <file href="NR/rdonlyres/Electrical-Engineering-and-Computer-Science/6-828Fall-2006/4D075858-0C9F-49B0-90C0-23E2FE4F2429/0/hw18_scalablesync.pdf" />
    </resource>
    <resource identifier="r_NR.rdonlyres.Electrical-Engineering-and-Computer-Science.6-828Fall-2006.B89D214A-6614-4AAA-8D1E-009D7A033F55.0.hw19_shell.pdf" type="other">
      <metadata>
        <adlcp:location>OcwWeb/Electrical-Engineering-and-Computer-Science/6-828Fall-2006/hw19_shell.pdf.xml</adlcp:location>
      </metadata>
      <file href="NR/rdonlyres/Electrical-Engineering-and-Computer-Science/6-828Fall-2006/B89D214A-6614-4AAA-8D1E-009D7A033F55/0/hw19_shell.pdf" />
    </resource>
    <resource identifier="r_NR.rdonlyres.Electrical-Engineering-and-Computer-Science.6-828Fall-2006.9B385EEC-C402-4E65-BBC2-DB6116B6CF2A.0.hw20_okws.pdf" type="other">
      <metadata>
        <adlcp:location>OcwWeb/Electrical-Engineering-and-Computer-Science/6-828Fall-2006/hw20_okws.pdf.xml</adlcp:location>
      </metadata>
      <file href="NR/rdonlyres/Electrical-Engineering-and-Computer-Science/6-828Fall-2006/9B385EEC-C402-4E65-BBC2-DB6116B6CF2A/0/hw20_okws.pdf" />
    </resource>
    <resource identifier="r_NR.rdonlyres.Electrical-Engineering-and-Computer-Science.6-828Fall-2006.4D1E9FCA-CECE-4F21-AA81-69CEC9A9EB78.0.hw21_xfi.pdf" type="other">
      <metadata>
        <adlcp:location>OcwWeb/Electrical-Engineering-and-Computer-Science/6-828Fall-2006/hw21_xfi.pdf.xml</adlcp:location>
      </metadata>
      <file href="NR/rdonlyres/Electrical-Engineering-and-Computer-Science/6-828Fall-2006/4D1E9FCA-CECE-4F21-AA81-69CEC9A9EB78/0/hw21_xfi.pdf" />
    </resource>
    <resource identifier="r_NR.rdonlyres.Electrical-Engineering-and-Computer-Science.6-828Fall-2006.43EA3901-BF07-4BE6-BF96-FEC8579E2D08.0.hw22_osbugs.pdf" type="other">
      <metadata>
        <adlcp:location>OcwWeb/Electrical-Engineering-and-Computer-Science/6-828Fall-2006/hw22_osbugs.pdf.xml</adlcp:location>
      </metadata>
      <file href="NR/rdonlyres/Electrical-Engineering-and-Computer-Science/6-828Fall-2006/43EA3901-BF07-4BE6-BF96-FEC8579E2D08/0/hw22_osbugs.pdf" />
    </resource>
    <resource identifier="r_OcwWeb.Electrical-Engineering-and-Computer-Science.6-828Fall-2006.Exams.index.htm" type="webcontent" href="OcwWeb/Electrical-Engineering-and-Computer-Science/6-828Fall-2006/Exams/index.htm">
      <metadata>
        <adlcp:location>OcwWeb/Electrical-Engineering-and-Computer-Science/6-828Fall-2006/Exams.xml</adlcp:location>
      </metadata>
      <file href="OcwWeb/Electrical-Engineering-and-Computer-Science/6-828Fall-2006/Exams/index.htm" />
      <dependency identifierref="webrenderrequirements.6-828Fall-2006" />
    </resource>
    <resource identifier="r_NR.rdonlyres.Electrical-Engineering-and-Computer-Science.6-828Fall-2006.0BCEA580-FB2A-4117-A93D-A268840CE4F7.0.q1_fall02_sol.pdf" type="other">
      <metadata>
        <adlcp:location>OcwWeb/Electrical-Engineering-and-Computer-Science/6-828Fall-2006/q1_fall02_sol.pdf.xml</adlcp:location>
      </metadata>
      <file href="NR/rdonlyres/Electrical-Engineering-and-Computer-Science/6-828Fall-2006/0BCEA580-FB2A-4117-A93D-A268840CE4F7/0/q1_fall02_sol.pdf" />
    </resource>
    <resource identifier="r_NR.rdonlyres.Electrical-Engineering-and-Computer-Science.6-828Fall-2006.CAB84C0B-0565-4A61-A6C2-49A109271207.0.q1_fall03_sol.pdf" type="other">
      <metadata>
        <adlcp:location>OcwWeb/Electrical-Engineering-and-Computer-Science/6-828Fall-2006/q1_fall03_sol.pdf.xml</adlcp:location>
      </metadata>
      <file href="NR/rdonlyres/Electrical-Engineering-and-Computer-Science/6-828Fall-2006/CAB84C0B-0565-4A61-A6C2-49A109271207/0/q1_fall03_sol.pdf" />
    </resource>
    <resource identifier="r_NR.rdonlyres.Electrical-Engineering-and-Computer-Science.6-828Fall-2006.868FCA46-1D61-45B0-A8DD-413D00727320.0.q1_fall04_sol.pdf" type="other">
      <metadata>
        <adlcp:location>OcwWeb/Electrical-Engineering-and-Computer-Science/6-828Fall-2006/q1_fall04_sol.pdf.xml</adlcp:location>
      </metadata>
      <file href="NR/rdonlyres/Electrical-Engineering-and-Computer-Science/6-828Fall-2006/868FCA46-1D61-45B0-A8DD-413D00727320/0/q1_fall04_sol.pdf" />
    </resource>
    <resource identifier="r_NR.rdonlyres.Electrical-Engineering-and-Computer-Science.6-828Fall-2006.EB24133D-1D1D-4DD9-B78D-8F4AEA22E5A5.0.q1_fall05_sol.pdf" type="other">
      <metadata>
        <adlcp:location>OcwWeb/Electrical-Engineering-and-Computer-Science/6-828Fall-2006/q1_fall05_sol.pdf.xml</adlcp:location>
      </metadata>
      <file href="NR/rdonlyres/Electrical-Engineering-and-Computer-Science/6-828Fall-2006/EB24133D-1D1D-4DD9-B78D-8F4AEA22E5A5/0/q1_fall05_sol.pdf" />
    </resource>
    <resource identifier="r_NR.rdonlyres.Electrical-Engineering-and-Computer-Science.6-828Fall-2006.C9968902-A39F-45C0-98B0-C7CFC36D5ED4.0.q1_fall06_sol.pdf" type="other">
      <metadata>
        <adlcp:location>OcwWeb/Electrical-Engineering-and-Computer-Science/6-828Fall-2006/q1_fall06_sol.pdf.xml</adlcp:location>
      </metadata>
      <file href="NR/rdonlyres/Electrical-Engineering-and-Computer-Science/6-828Fall-2006/C9968902-A39F-45C0-98B0-C7CFC36D5ED4/0/q1_fall06_sol.pdf" />
    </resource>
    <resource identifier="r_NR.rdonlyres.Electrical-Engineering-and-Computer-Science.6-828Fall-2006.F9D9850F-3199-4020-AB8D-44DCA220F9A9.0.q2_fall02_sol.pdf" type="other">
      <metadata>
        <adlcp:location>OcwWeb/Electrical-Engineering-and-Computer-Science/6-828Fall-2006/q2_fall02_sol.pdf.xml</adlcp:location>
      </metadata>
      <file href="NR/rdonlyres/Electrical-Engineering-and-Computer-Science/6-828Fall-2006/F9D9850F-3199-4020-AB8D-44DCA220F9A9/0/q2_fall02_sol.pdf" />
    </resource>
    <resource identifier="r_NR.rdonlyres.Electrical-Engineering-and-Computer-Science.6-828Fall-2006.36B19378-A1BD-44EA-B5D4-E88FA0F8D028.0.q2_fall03_sol.pdf" type="other">
      <metadata>
        <adlcp:location>OcwWeb/Electrical-Engineering-and-Computer-Science/6-828Fall-2006/q2_fall03_sol.pdf.xml</adlcp:location>
      </metadata>
      <file href="NR/rdonlyres/Electrical-Engineering-and-Computer-Science/6-828Fall-2006/36B19378-A1BD-44EA-B5D4-E88FA0F8D028/0/q2_fall03_sol.pdf" />
    </resource>
    <resource identifier="r_NR.rdonlyres.Electrical-Engineering-and-Computer-Science.6-828Fall-2006.1F470BC1-E146-4FC3-8BD4-C053C9C37964.0.q2_fall05_sol.pdf" type="other">
      <metadata>
        <adlcp:location>OcwWeb/Electrical-Engineering-and-Computer-Science/6-828Fall-2006/q2_fall05_sol.pdf.xml</adlcp:location>
      </metadata>
      <file href="NR/rdonlyres/Electrical-Engineering-and-Computer-Science/6-828Fall-2006/1F470BC1-E146-4FC3-8BD4-C053C9C37964/0/q2_fall05_sol.pdf" />
    </resource>
    <resource identifier="r_NR.rdonlyres.Electrical-Engineering-and-Computer-Science.6-828Fall-2006.8BC4C1DE-A62A-4BDE-AEFE-C915A6B3274E.0.q2_fall06_sol.pdf" type="other">
      <metadata>
        <adlcp:location>OcwWeb/Electrical-Engineering-and-Computer-Science/6-828Fall-2006/q2_fall06_sol.pdf.xml</adlcp:location>
      </metadata>
      <file href="NR/rdonlyres/Electrical-Engineering-and-Computer-Science/6-828Fall-2006/8BC4C1DE-A62A-4BDE-AEFE-C915A6B3274E/0/q2_fall06_sol.pdf" />
    </resource>
    <resource identifier="r_OcwWeb.Electrical-Engineering-and-Computer-Science.6-828Fall-2006.Tools.index.htm" type="webcontent" href="OcwWeb/Electrical-Engineering-and-Computer-Science/6-828Fall-2006/Tools/index.htm">
      <metadata>
        <adlcp:location>OcwWeb/Electrical-Engineering-and-Computer-Science/6-828Fall-2006/Tools.xml</adlcp:location>
      </metadata>
      <file href="OcwWeb/Electrical-Engineering-and-Computer-Science/6-828Fall-2006/Tools/index.htm" />
      <dependency identifierref="webrenderrequirements.6-828Fall-2006" />
    </resource>
    <resource identifier="r_OcwWeb.Electrical-Engineering-and-Computer-Science.6-828Fall-2006.DownloadthisCourse.index.htm" type="webcontent" href="OcwWeb/Electrical-Engineering-and-Computer-Science/6-828Fall-2006/DownloadthisCourse/index.htm">
      <metadata>
        <adlcp:location>OcwWeb/Electrical-Engineering-and-Computer-Science/6-828Fall-2006/DownloadthisCourse.xml</adlcp:location>
      </metadata>
      <file href="OcwWeb/Electrical-Engineering-and-Computer-Science/6-828Fall-2006/DownloadthisCourse/index.htm" />
      <dependency identifierref="webrenderrequirements.6-828Fall-2006" />
    </resource>
    <resource identifier="r_OcwWeb.Electrical-Engineering-and-Computer-Science.6-828Fall-2006.RelatedResources.index.htm" type="webcontent" href="OcwWeb/Electrical-Engineering-and-Computer-Science/6-828Fall-2006/RelatedResources/index.htm">
      <metadata>
        <adlcp:location>OcwWeb/Electrical-Engineering-and-Computer-Science/6-828Fall-2006/RelatedResources.xml</adlcp:location>
      </metadata>
      <file href="OcwWeb/Electrical-Engineering-and-Computer-Science/6-828Fall-2006/RelatedResources/index.htm" />
      <dependency identifierref="webrenderrequirements.6-828Fall-2006" />
    </resource>
    <resource identifier="r_OcwWeb.search.AdvancedSearch.htm" type="webcontent" href="OcwWeb/search/AdvancedSearch.htm">
      <file href="OcwWeb/search/AdvancedSearch.htm" />
      <dependency identifierref="webrenderrequirements.6-828Fall-2006" />
    </resource>
    <resource identifier="r_OcwWeb.jsp.feedback.jsp" type="webcontent" href="OcwWeb/jsp/feedback.jsp">
      <file href="OcwWeb/jsp/feedback.jsp" />
      <dependency identifierref="webrenderrequirements.6-828Fall-2006" />
    </resource>
    <resource identifier="r_OcwWeb.Global.terms-of-use.htm" type="webcontent" href="OcwWeb/Global/terms-of-use.htm">
      <file href="OcwWeb/Global/terms-of-use.htm" />
      <file href="NR/rdonlyres/B2A8B934-D6FD-4481-A702-3C9C6E56A355/0/cc_button.jpg" />
      <file href="NR/rdonlyres/4DC35EC3-6537-40B9-9222-E4618F5108A2/0/logo_deed.gif" />
      <file href="NR/rdonlyres/88E2E3F4-BBCE-4AF2-80FC-D4CF916EFE1C/0/cc_deed_003.gif" />
      <file href="NR/rdonlyres/7723DDAB-07F6-4515-8B96-B93A687E208D/0/cc_deed_000.gif" />
      <file href="NR/rdonlyres/9653C0E3-7A8C-424F-8E7F-5F4811EF56BB/0/cc_deed_002.gif" />
      <dependency identifierref="webrenderrequirements.6-828Fall-2006" />
    </resource>
    <resource identifier="r_OcwWeb.Global.privacy.htm" type="webcontent" href="OcwWeb/Global/privacy.htm">
      <file href="OcwWeb/Global/privacy.htm" />
      <dependency identifierref="webrenderrequirements.6-828Fall-2006" />
    </resource>
    <resource identifier="r_OcwWeb.Global.trademarks.htm" type="webcontent" href="OcwWeb/Global/trademarks.htm">
      <file href="OcwWeb/Global/trademarks.htm" />
      <dependency identifierref="webrenderrequirements.6-828Fall-2006" />
    </resource>
    <resource identifier="webrenderrequirements.6-828Fall-2006" type="webcontent">
      <file href="OcwWeb/style/core.css" />
      <file href="OcwWeb/style/main.css" />
      <file href="OcwWeb/images/logo-ocw-home.gif" />
      <file href="OcwWeb/images/ocw-home.gif" />
      <file href="OcwWeb/images/course-list.gif" />
      <file href="OcwWeb/images/about-ocw.gif" />
      <file href="OcwWeb/images/help.gif" />
      <file href="OcwWeb/images/feedback.gif" />
      <file href="OcwWeb/images/button6.gif" />
      <file href="OcwWeb/images/give_now_button.jpg" />
      <file href="OcwWeb/images/redarrow.gif" />
      <file href="OcwWeb/images/whitearrow.gif" />
      <file href="OcwWeb/images/mit-logo.gif" />
      <file href="OcwWeb/images/cc_button.jpg" />
      <file href="OcwWeb/images/footer_copyright.gif" />
      <file href="OcwWeb/images/footer_rss.gif" />
      <file href="OcwWeb/images/go.gif" />
    </resource>
  </resources>
</manifest>
